key,0,1,2,3,4,5,6,7
#,RacingChocoboNameCategory,,,,,Name[0],Name[1],Name[2]
int32,RacingChocoboNameCategory,bool,bool,bool,bool,RacingChocoboName,RacingChocoboName,RacingChocoboName
0,"",False,False,False,False,"","",""
1,"",False,False,False,False,"","",""
2,"",False,False,False,False,"","",""
3,"",False,False,False,False,"","",""
4,"",False,False,False,False,"","",""
5,"色",False,False,False,True,"Doré","",""
6,"色",False,False,False,True,"Dorée","",""
7,"素材",False,False,False,True,"Noire","",""
8,"色",False,True,False,False,"Silberner","Silberner","Silberner"
9,"色",False,True,False,False,"Fer","Fer","Fer"
10,"色",False,False,False,True,"Grenat","Grenat","Grenat"
11,"色",False,False,False,True,"Iron","",""
12,"色",False,False,True,False,"Metal","",""
13,"色",False,False,True,False,"Métal","Métal","Métal"
14,"色",False,False,True,False,"Métallique","",""
15,"色",False,False,False,True,"Opale","",""
16,"色",False,False,False,True,"Perle","",""
17,"色",False,False,False,True,"Seidige","",""
18,"色",False,True,False,True,"Seidiger","Seidiger","Seidiger"
19,"色",False,True,False,False,"Sphene","Sphene","Sphene"
20,"色",False,False,False,True,"Geölte","",""
21,"色",False,False,False,True,"Geölter","",""
22,"色",False,False,False,True,"Parfait","",""
23,"天文地理",False,False,False,True,"Perfect","",""
24,"植物",False,False,False,True,"Positive","",""
25,"色",False,False,False,True,"Premium","",""
26,"色",False,True,False,False,"Pur","Pur","Pur"
27,"色",False,False,False,True,"Pure","",""
28,"色",False,True,False,False,"Edler","Edler","Edler"
29,"色",False,True,False,True,"Gorgeous","Gorgeous","Gorgeous"
30,"色",False,True,False,False,"Fringante","Fringante","Fringante"
31,"色",False,False,False,True,"Innocent","",""
32,"色",False,False,False,True,"Innocente","",""
33,"色",False,False,False,True,"Brilliance","",""
34,"色",False,False,False,True,"Chaos","",""
35,"色",False,True,False,False,"Fee","Fee","Fee"
36,"色",False,False,False,True,"Legende","",""
37,"色",False,False,True,False,"Campagnarde","",""
38,"色",False,False,True,False,"Cap","",""
39,"色",False,False,True,False,"Citadin","",""
40,"色",False,True,True,False,"Mercure","Mercure","Mercure"
41,"色",False,False,True,False,"Mercury","",""
42,"色",False,False,True,False,"Méridional","",""
43,"色",False,False,True,False,"Méridionale","",""
44,"色",False,True,False,False,"Occidentale","Occidentale","Occidentale"
45,"色",False,True,False,False,"Orientale","Orientale","Orientale"
46,"色",False,False,True,False,"Stream","",""
47,"色",False,False,True,False,"","",""
48,"色",False,False,True,False,"Sun","",""
49,"色",False,False,False,True,"Thunder","",""
50,"色",False,False,False,True,"Tonnerre","",""
51,"色",False,True,True,True,"Tornade","Tornade","Tornade"
52,"色",False,True,False,False,"Zéphyr","Zéphyr","Zéphyr"
53,"素材",False,False,False,True,"Fire","",""
54,"色",False,False,False,True,"Flare","",""
55,"色",True,False,False,False,"Baroness","",""
56,"色",False,True,False,False,"Herzog","Herzog","Herzog"
57,"色",False,False,False,True,"Miss","",""
58,"色",False,False,False,True,"Noble","",""
59,"色",False,False,False,True,"Roi","",""
60,"色",False,False,False,True,"Royal","",""
61,"色",False,False,False,True,"Royale","",""
62,"素材",False,False,False,True,"Final","Final","Final"
63,"色",False,False,False,True,"I","",""
64,"色",False,True,False,True,"Maximale","Maximale","Maximale"
65,"色",False,False,False,True,"Vieux","",""
66,"色",False,False,False,True,"Mataemon","",""
67,"色",False,True,False,False,"Chariot","Chariot","Chariot"
68,"色",False,False,True,False,"Hiden","",""
69,"色",False,False,True,False,"Hiten","",""
70,"色",False,False,True,False,"Hobby","",""
71,"色",False,False,False,True,"Ichimonji","Ichimonji","Ichimonji"
72,"色",False,False,False,True,"Kugel","",""
73,"色",False,False,False,True,"La","",""
74,"色",False,False,False,True,"Licol","",""
75,"色",False,True,False,False,"South","South","South"
76,"色",False,False,True,False,"The","The","The"
77,"色",False,False,True,False,"Hermès","",""
78,"色",False,False,True,False,"Séléné","",""
79,"色",False,False,True,False,"","",""
80,"色",False,False,True,False,"Rusty","",""
81,"色",False,False,True,False,"So","So","So"
82,"色",False,False,True,False,"Running","",""
83,"色",False,True,False,False,"","",""
84,"色",False,True,False,False,"Another","Another","Another"
85,"色",False,True,False,False,"Break","Break","Break"
86,"色",False,True,False,True,"Shape","Shape","Shape"
87,"色",False,False,False,True,"Resort","",""
88,"色",False,False,False,True,"Loss","",""
89,"色",False,False,False,True,"Cannon","",""
90,"色",False,True,False,True,"Behold","Behold","Behold"
91,"色",False,False,False,True,"","",""
92,"色",False,False,True,False,"des Immortels","",""
93,"色",False,False,True,False,"de l'Ordre","",""
94,"色",False,False,True,False,"Chantecler","",""
95,"色",False,True,False,False,"This","This","This"
96,"色",False,True,False,False,"Square","Square","Square"
97,"素材",False,False,False,True,"Teioh","",""
98,"形容詞2",False,True,False,False,"Blanc","Blanc","Blanc"
99,"素材",False,True,False,True,"Blaue","Blaue","Blaue"
100,"素材",False,False,False,True,"Blonde","",""
101,"素材",False,True,False,False,"Cobalt","Cobalt","Cobalt"
102,"素材",False,False,False,True,"Cuivrée","",""
103,"素材",False,True,True,False,"Écarlate","Écarlate","Écarlate"
104,"素材",False,True,False,False,"Darksteel","Darksteel","Darksteel"
105,"素材",False,False,False,True,"Diamant","",""
106,"素材",False,True,True,True,"Filante","Filante","Filante"
107,"素材",False,False,False,True,"Spécial","",""
108,"素材",False,True,False,False,"Belle","Belle","Belle"
109,"素材",False,True,False,False,"Benevolent","Benevolent","Benevolent"
110,"素材",False,False,False,True,"Bold","",""
111,"素材",False,False,False,True,"Furie","",""
112,"素材",False,True,False,False,"Impétueuse","Impétueuse","Impétueuse"
113,"素材",False,False,False,True,"Impétueux","",""
114,"素材",False,True,False,False,"Prodigue","Prodigue","Prodigue"
115,"素材",False,False,True,True,"Vive","",""
116,"素材",False,True,False,False,"Vorwitzige","Vorwitzige","Vorwitzige"
117,"素材",False,False,True,False,"Novus","",""
118,"素材",False,True,False,False,"Prodige","Prodige","Prodige"
119,"素材",False,True,False,False,"Akane","Akane","Akane"
120,"素材",False,False,False,True,"Ayame","",""
121,"素材",False,False,False,True,"Ailé","",""
122,"素材",False,True,False,False,"Wing","Wing","Wing"
123,"素材",False,False,False,True,"Oriental","",""
124,"素材",False,True,False,False,"Whirlwind","Whirlwind","Whirlwind"
125,"素材",False,True,True,True,"Écho","Écho","Écho"
126,"素材",False,False,True,False,"Centurion","",""
127,"素材",False,True,False,False,"Walker","Walker","Walker"
128,"素材",False,False,False,True,"Winner","",""
129,"素材",False,False,False,True,"Winning","",""
130,"素材",False,True,True,False,"Heroine","Heroine","Heroine"
131,"素材",False,True,True,False,"Prinzessin","Prinzessin","Prinzessin"
132,"素材",False,False,False,True,"Queen","",""
133,"素材",False,False,False,True,"Courte","",""
134,"素材",False,False,False,True,"Vieille","",""
135,"素材",False,True,False,False,"Bucephalus","Bucephalus","Bucephalus"
136,"素材",False,True,True,True,"Gridanisches","Gridanisches","Gridanisches"
137,"素材",False,False,True,False,"Line","",""
138,"素材",False,False,False,True,"Ma","",""
139,"素材",False,True,False,False,"Martingale","Martingale","Martingale"
140,"素材",False,False,True,True,"Trésor","",""
141,"その他",False,False,True,False,"Angelic","Angelic","Angelic"
142,"素材",False,False,True,False,"Nophica's","Nophica's","Nophica's"
143,"素材",False,False,True,False,"Widdershins","",""
144,"素材",False,False,True,False,"Without","",""
145,"形容詞1",False,True,False,False,"Thy","Thy","Thy"
146,"素材",False,True,False,False,"Unbridled","Unbridled","Unbridled"
147,"素材",False,True,False,False,"Exit","Exit","Exit"
148,"素材",False,False,False,True,"","",""
149,"素材",False,True,False,True,"Feet","Feet","Feet"
150,"素材",False,True,False,False,"Supra","Supra","Supra"
151,"素材",False,True,False,False,"Balls","Balls","Balls"
152,"素材",False,True,False,False,"Worldwide","Worldwide","Worldwide"
153,"形容詞2",False,False,False,True,"Argent","",""
154,"形容詞2",False,False,False,True,"Azure","",""
155,"形容詞2",False,True,False,False,"Diamond","Diamond","Diamond"
156,"形容詞2",False,False,True,False,"Eisen","",""
157,"形容詞1",False,True,False,False,"Rubin","Rubin","Rubin"
158,"形容詞1",False,True,False,False,"Silky","Silky","Silky"
159,"形容詞2",False,False,False,True,"Velveteen","",""
160,"形容詞2",False,False,False,True,"Best","",""
161,"容姿",False,True,True,True,"","",""
162,"形容詞1",False,False,False,True,"Charmantes","",""
163,"形容詞1",False,False,False,True,"Dandy","",""
164,"形容詞2",False,True,False,True,"Audacieux","Audacieux","Audacieux"
165,"形容詞2",False,False,True,False,"Fée","",""
166,"形容詞2",False,False,True,False,"Fortune","",""
167,"形容詞2",False,False,True,False,"Geist","",""
168,"形容詞2",False,True,False,False,"Justice","Justice","Justice"
169,"形容詞1",False,False,False,True,"Oracle","",""
170,"形容詞1",False,False,False,True,"Passion","",""
171,"形容詞1",False,True,False,False,"Peace","Peace","Peace"
172,"形容詞2",False,True,False,True,"Lys","Lys","Lys"
173,"形容詞2",False,False,False,True,"Mandragora","",""
174,"形容詞2",False,True,False,False,"Paprika","Paprika","Paprika"
175,"形容詞1",False,False,False,True,"Bone","",""
176,"形容詞1",False,False,False,True,"","",""
177,"形容詞2",False,True,False,True,"Chanfrein","Chanfrein","Chanfrein"
178,"形容詞1",False,False,False,True,"Miel","",""
179,"形容詞1",False,False,False,True,"Minotaur","",""
180,"形容詞1",False,False,True,False,"Desert","",""
181,"形容詞1",False,False,True,False,"Désert","Désert","Désert"
182,"形容詞1",False,False,True,False,"Eastern","",""
183,"形容詞2",False,False,False,True,"Komet","",""
184,"形容詞2",False,False,False,True,"Luna","",""
185,"形容詞2",False,True,False,False,"Mond","Mond","Mond"
186,"形容詞1",False,True,False,True,"Northern","Northern","Northern"
187,"形容詞2",False,False,True,False,"Universe","Universe","Universe"
188,"形容詞2",False,False,True,False,"Uranus","",""
189,"形容詞2",False,False,True,False,"Ushio","",""
190,"形容詞2",False,False,True,False,"Echo","",""
191,"形容詞2",False,False,True,False,"Éclair","",""
192,"形容詞2",False,False,True,False,"Été","Été","Été"
193,"形容詞1",False,True,False,False,"Nuit","Nuit","Nuit"
194,"形容詞2",False,True,True,True,"Orkan","Orkan","Orkan"
195,"形容詞1",False,False,True,False,"Archère","",""
196,"形容詞1",False,False,True,False,"Arrow","Arrow","Arrow"
197,"形容詞1",False,False,True,False,"Attaquant","",""
198,"形容詞1",False,True,False,False,"Tapferer","Tapferer","Tapferer"
199,"形容詞2",False,True,False,False,"Flight","Flight","Flight"
200,"容姿",False,False,False,True,"Flinke","",""
201,"形容詞2",False,True,False,True,"Quick","Quick","Quick"
202,"形容詞2",False,False,False,True,"Rapide","",""
203,"形容詞2",False,False,False,True,"Runner","",""
204,"形容詞2",False,False,False,True,"Victoire","",""
205,"形容詞2",False,False,False,True,"Victor","",""
206,"形容詞2",False,True,False,False,"Imperial","Imperial","Imperial"
207,"形容詞2",False,True,False,False,"Lady","Lady","Lady"
208,"形容詞2",False,True,True,True,"Maharaja","Maharaja","Maharaja"
209,"形容詞1",False,True,False,False,"Scion","Scion","Scion"
210,"形容詞2",False,True,False,True,"Deep","Deep","Deep"
211,"形容詞2",False,False,False,True,"Fin","",""
212,"形容詞2",False,False,False,True,"Letztes","",""
213,"形容詞2",False,False,False,True,"Long","",""
214,"形容詞2",False,True,False,False,"VI","VI","VI"
215,"形容詞2",False,True,False,False,"Hypérion","Hypérion","Hypérion"
216,"形容詞2",False,True,False,False,"","",""
217,"形容詞2",False,True,False,False,"Olympe","Olympe","Olympe"
218,"形容詞2",False,False,False,True,"des Mahlstroms","",""
219,"形容詞2",False,True,True,True,"Eorzean","Eorzean","Eorzean"
220,"形容詞2",False,False,True,False,"Garlean","Garlean","Garlean"
221,"形容詞1",False,False,False,True,"Mhigois","",""
222,"形容詞1",False,True,False,False,"Thavnairian","Thavnairian","Thavnairian"
223,"形容詞1",False,True,False,False,"Danseur","Danseur","Danseur"
224,"形容詞1",False,True,False,False,"Emblem","Emblem","Emblem"
225,"形容詞1",False,False,False,True,"Fresser","",""
226,"形容詞2",False,True,False,True,"Rhapsody","Rhapsody","Rhapsody"
227,"形容詞2",False,False,False,True,"Roadster","",""
228,"形容詞1",False,False,True,False,"Wark","",""
229,"形容詞1",False,False,True,False,"Whisper","",""
230,"形容詞2",False,True,False,False,"Early","Early","Early"
231,"形容詞2",False,False,False,True,"","",""
232,"形容詞2",False,False,False,True,"","",""
233,"形容詞2",False,True,True,True,"Unbreakable","Unbreakable","Unbreakable"
234,"容姿",False,False,False,True,"Undefeated","",""
235,"形容詞2",False,True,False,False,"Excalipur","Excalipur","Excalipur"
236,"形容詞2",False,True,False,False,"","",""
237,"形容詞2",False,True,False,False,"Brother","Brother","Brother"
238,"形容詞2",False,False,False,True,"Bird","",""
239,"形容詞2",False,True,True,True,"Above","Above","Above"
240,"形容詞1",False,True,False,False,"Bound","Bound","Bound"
241,"形容詞2",False,True,False,False,"Force","Force","Force"
242,"概念",False,True,False,False,"Razor","Razor","Razor"
243,"形容詞2",False,True,False,False,"Adamantoise","Adamantoise","Adamantoise"
244,"",False,False,False,False,"","",""
245,"容姿",False,False,False,True,"Ambre","",""
246,"容姿",False,False,False,True,"Amethyst","",""
247,"容姿",False,True,False,False,"Beryl","","Beryl"
248,"概念",False,True,False,False,"Béryl","","Béryl"
249,"容姿",False,False,False,True,"Copper","",""
250,"容姿",False,False,False,True,"Corail","","Corail"
251,"容姿",False,True,True,False,"Superbe","Superbe","Superbe"
252,"容姿",False,False,False,True,"Sweet","",""
253,"容姿",False,False,True,True,"Transient","Transient","Transient"
254,"容姿",False,False,True,False,"Ultimate","",""
255,"容姿",False,False,True,False,"Ultime","",""
256,"容姿",False,True,False,True,"Nana","Nana","Nana"
257,"容姿",False,False,True,False,"Miracle","",""
258,"容姿",False,False,True,False,"Néant","",""
259,"容姿",False,False,True,False,"Nexus","",""
260,"容姿",False,True,False,False,"Rêve","Rêve","Rêve"
261,"容姿",False,False,False,True,"Spirit","",""
262,"容姿",False,False,True,False,"Terror","",""
263,"容姿",False,False,False,True,"Wunder","",""
264,"容姿",False,True,False,False,"Safran","Safran","Safran"
265,"容姿",False,True,False,False,"Stallion","Stallion","Stallion"
266,"容姿",False,True,False,False,"Montagnarde","Montagnarde","Montagnarde"
267,"容姿",False,False,False,True,"Impulse","Impulse","Impulse"
268,"容姿",False,False,False,True,"Inferno","Inferno","Inferno"
269,"容姿",False,True,False,False,"Rosinante","Rosinante","Rosinante"
270,"容姿",False,True,False,False,"Shiden","Shiden","Shiden"
271,"容姿",False,True,False,False,"Born","Born","Born"
272,"形容詞1",False,False,True,False,"Deus","",""
273,"形容詞1",False,False,True,False,"Devil's","Devil's","Devil's"
274,"形容詞1",False,False,True,False,"Große","",""
275,"性質",False,True,False,False,"Cuivré","Cuivré","Cuivré"
276,"性質",False,True,False,False,"Goldenes","Goldenes","Goldenes"
277,"性質",False,True,False,True,"Nacarat","Nacarat","Nacarat"
278,"性質",False,False,False,True,"Noir","",""
279,"性質",False,False,False,True,"Rouge","",""
280,"性質",False,False,False,True,"Rousse","",""
281,"競争",False,False,False,True,"Acier","",""
282,"性質",False,True,False,False,"Cuivre","Cuivre","Cuivre"
283,"形容詞2",False,True,False,False,"Rubis","Rubis","Rubis"
284,"性質",False,True,False,False,"Turquoise","Turquoise","Turquoise"
285,"性質",False,False,True,False,"Cool","Cool","Cool"
286,"性質",False,False,True,False,"Dunkle","",""
287,"性質",False,True,False,False,"Fantastic","Fantastic","Fantastic"
288,"性質",False,False,False,True,"Klapprige","",""
289,"性質",False,True,False,False,"Meilleur","Meilleur","Meilleur"
290,"性質",False,False,False,True,"Meilleure","",""
291,"性質",False,False,False,True,"Saint","",""
292,"性質",False,False,False,True,"Sainte","",""
293,"性質",False,True,False,False,"Pensive","Pensive","Pensive"
294,"性質",False,True,False,False,"Génie","Génie","Génie"
295,"性質",False,True,False,False,"Harmony","Harmony","Harmony"
296,"性質",False,False,False,True,"Ayu","",""
297,"性質",False,False,False,True,"Bat","",""
298,"性質",False,False,False,True,"Leg","",""
299,"性質",False,False,False,True,"Licorne","",""
300,"性質",False,False,False,True,"Pelican","",""
301,"性質",False,False,False,True,"Penne","",""
302,"性質",False,False,False,True,"Poussinet","",""
303,"概念",False,True,False,False,"Raven","Raven","Raven"
304,"競争",False,False,False,True,"Tail","",""
305,"概念",False,True,False,False,"Septentrional","Septentrional","Septentrional"
306,"性質",False,False,False,True,"Akatsuki","",""
307,"性質",False,False,False,True,"Aki","",""
308,"性質",False,True,False,True,"Orage","Orage","Orage"
309,"性質",False,False,False,True,"Summer","",""
310,"性質",False,False,False,True,"Tailwind","",""
311,"性質",False,True,False,True,"Typhoon","Typhoon","Typhoon"
312,"性質",False,False,False,True,"Urara","",""
313,"性質",False,True,False,False,"Kodama","Kodama","Kodama"
314,"性質",False,False,False,True,"Quantum","",""
315,"性質",False,False,False,True,"Radiant","",""
316,"性質",False,False,True,False,"Axe","",""
317,"性質",False,False,True,False,"Ballistic","Ballistic","Ballistic"
318,"性質",False,False,True,False,"Battant","",""
319,"性質",False,True,False,False,"Sautant","Sautant","Sautant"
320,"性質",False,True,False,False,"Swift","Swift","Swift"
321,"性質",False,True,False,False,"Victory","Victory","Victory"
322,"称号",False,True,False,True,"Idol","Idol","Idol"
323,"性質",False,True,False,True,"Millénium","Millénium","Millénium"
324,"性質",False,False,False,True,"Millennium","",""
325,"性質",False,True,False,True,"V","V","V"
326,"性質",False,False,False,True,"X","",""
327,"性質",False,False,False,True,"XI","",""
328,"性質",False,False,False,True,"Yamato","",""
329,"性質",False,False,False,True,"Gridanian","",""
330,"性質",False,True,False,False,"Cart","Cart","Cart"
331,"性質",False,True,False,False,"Cry","Cry","Cry"
332,"性質",False,False,False,True,"Drowned","",""
333,"性質",False,False,False,True,"","",""
334,"性質",False,False,False,True,"","",""
335,"性質",False,False,True,False,"Sweep","",""
336,"性質",False,False,True,False,"Tempered","",""
337,"性質",False,False,True,False,"Ticket","",""
338,"性質",False,False,False,True,"Third","",""
339,"性質",False,False,False,True,"Take","",""
340,"性質",False,True,False,False,"Apocalypse","Apocalypse","Apocalypse"
341,"性質",False,True,False,False,"Sixth","Sixth","Sixth"
342,"形容詞1",False,False,False,True,"Brother's","",""
343,"天文地理",False,False,True,False,"Raubahn's","",""
344,"形容詞1",False,False,True,False,"","",""
345,"形容詞1",False,False,True,False,"Wonderbird","",""
346,"形容詞1",False,False,True,False,"Juggernaut","",""
347,"性質",False,False,False,True,"","",""
348,"性質",False,True,False,False,"Roll","Roll","Roll"
349,"性質",False,True,False,False,"Mantra","Mantra","Mantra"
350,"性質",False,False,False,True,"Circumstances","Circumstances","Circumstances"
351,"性質",False,False,True,False,"Apron","Apron","Apron"
352,"性質",False,False,True,False,"Cockatrice","",""
353,"性質",False,False,True,False,"Prigger","",""
354,"形容詞1",False,True,True,True,"Fish","Fish","Fish"
355,"形容詞1",False,False,True,True,"Buster","Buster","Buster"
356,"概念",False,True,False,True,"Helper","Helper","Helper"
357,"性質",False,False,False,True,"Mast","",""
358,"性質",False,False,False,True,"Free","",""
359,"性質",False,False,True,False,"Mithril","",""
360,"性質",False,False,True,False,"Écrin","",""
361,"性質",False,False,True,False,"Idéal de","",""
362,"性質",False,True,False,False,"Breaker","Breaker","Breaker"
363,"概念",False,False,False,True,"Gelbes","",""
364,"概念",False,False,False,True,"Gold","",""
365,"動物",False,True,False,False,"Goldene","","Goldene"
366,"概念",False,True,True,True,"Green","Green","Green"
367,"概念",False,False,True,False,"Pastel","Pastel","Pastel"
368,"概念",False,True,True,False,"Pers","Pers","Pers"
369,"概念",False,False,False,True,"Pourpre","",""
370,"概念",False,False,False,True,"Schwarze","",""
371,"概念",False,False,False,True,"Adorée","",""
372,"概念",False,True,False,False,"Excellente","Excellente","Excellente"
373,"概念",False,True,True,True,"Special","Special","Special"
374,"動物",False,True,False,False,"Turbulente","Turbulente","Turbulente"
375,"概念",False,False,False,True,"Ange","",""
376,"概念",False,False,False,True,"Angel","Angel","Angel"
377,"概念",False,True,False,False,"Espoir","Espoir","Espoir"
378,"概念",False,True,False,False,"Capucine","Capucine","Capucine"
379,"概念",False,False,True,False,"Clématite","",""
380,"概念",False,False,False,True,"Fleur","Fleur","Fleur"
381,"概念",False,False,False,True,"Flora","",""
382,"形容詞2",False,True,False,False,"Gingembre","Gingembre","Gingembre"
383,"概念",False,False,False,True,"Ginger","",""
384,"概念",False,False,False,True,"Iris","",""
385,"性質",False,True,False,False,"Kaede","Kaede","Kaede"
386,"形容詞2",False,False,True,False,"Kiku","",""
387,"形容詞2",False,False,True,False,"Laurel","",""
388,"形容詞2",False,False,True,False,"Lavande","",""
389,"動物",False,True,False,False,"Orchid","Orchid","Orchid"
390,"概念",False,False,False,True,"Pomme","",""
391,"概念",False,False,True,False,"Zitrone","Zitrone","Zitrone"
392,"概念",False,False,False,True,"Adder","",""
393,"概念",False,True,False,True,"Leaper","Leaper","Leaper"
394,"概念",False,False,True,False,"Zu","Zu","Zu"
395,"概念",False,True,True,False,"Comet","Comet","Comet"
396,"概念",False,False,False,True,"Crag","",""
397,"動物",False,True,False,False,"Étoile","Étoile","Étoile"
398,"概念",False,False,False,True,"Neptune","Neptune","Neptune"
399,"概念",False,True,False,False,"Arashi","Arashi","Arashi"
400,"概念",False,True,False,False,"Night","Night","Night"
401,"概念",False,True,True,True,"Sky","Sky","Sky"
402,"形容詞2",False,True,False,False,"Snow","Snow","Snow"
403,"概念",False,True,False,False,"Ombre","Ombre","Ombre"
404,"概念",False,True,False,True,"Sparkling","Sparkling","Sparkling"
405,"概念",False,True,False,False,"Lancer","Lancer","Lancer"
406,"概念",False,False,True,False,"Lieutenant","Lieutenant","Lieutenant"
407,"概念",False,False,False,True,"Marshal","Marshal","Marshal"
408,"概念",False,True,False,False,"Rugged","Rugged","Rugged"
409,"概念",False,False,True,False,"Sergent","","Sergent"
410,"性質",False,True,False,False,"Bolide","Bolide","Bolide"
411,"概念",False,False,False,True,"Coureuse","Coureuse","Coureuse"
412,"形容詞2",False,True,False,False,"Fleet","Fleet","Fleet"
413,"性質",False,True,False,False,"Galopant","Galopant","Galopant"
414,"概念",False,True,False,True,"Countess","Countess","Countess"
415,"概念",False,False,False,True,"Jeune","",""
416,"概念",False,True,True,True,"Majesté","Majesté","Majesté"
417,"概念",False,True,True,True,"Partner","Partner","Partner"
418,"概念",True,False,False,False,"Pendragon","",""
419,"概念",False,False,False,True,"Giant","",""
420,"概念",False,False,False,True,"Maximal","Maximal","Maximal"
421,"概念",False,True,False,False,"Oller","Oller","Oller"
422,"概念",False,False,False,True,"Xanthe","",""
423,"概念",False,False,False,True,"Dance","",""
424,"概念",False,True,False,False,"Vide","Vide","Vide"
425,"概念",False,True,False,False,"Salvation","Salvation","Salvation"
426,"概念",False,False,True,False,"Hidebound","",""
427,"植物",True,False,False,False,"Brun","",""
428,"植物",True,False,False,False,"Grüne","",""
429,"植物",True,False,False,False,"Silber","",""
430,"植物",False,False,False,True,"Platinum","",""
431,"植物",False,True,False,False,"Klappriges","Klappriges","Klappriges"
432,"植物",False,False,False,True,"Limber","",""
433,"植物",False,False,False,True,"Maximum","",""
434,"植物",False,False,False,True,"Méritant","",""
435,"植物",False,False,False,True,"Optimal","",""
436,"植物",False,False,False,True,"Charmanter","",""
437,"植物",False,False,False,True,"Elegant","",""
438,"植物",False,False,False,True,"Braver","",""
439,"植物",False,True,False,False,"Legend","Legend","Legend"
440,"植物",False,False,True,False,"Coriandre","",""
441,"植物",False,False,False,True,"","",""
442,"植物",False,True,False,False,"Foot","Foot","Foot"
443,"植物",False,False,False,True,"Fox","",""
444,"植物",False,True,False,False,"Fuchs","","Fuchs"
445,"植物",False,False,False,True,"Galaxie","",""
446,"植物",False,True,False,False,"Galaxy","Galaxy","Galaxy"
447,"植物",False,True,True,True,"Wave","Wave","Wave"
448,"植物",False,False,False,True,"Burst","",""
449,"植物",False,False,True,True,"Flamboyante","",""
450,"植物",False,True,False,True,"Flamme","","Flamme"
451,"植物",True,False,False,False,"Twinkling","",""
452,"植物",True,False,False,False,"Amirale","",""
453,"植物",False,True,False,False,"Fighter","Fighter","Fighter"
454,"植物",False,False,False,True,"Firecracker","",""
455,"植物",False,False,False,True,"Strike","",""
456,"植物",False,True,False,False,"Tapfere","Tapfere","Tapfere"
457,"植物",False,False,False,True,"Défi","",""
458,"植物",False,True,True,False,"Glory","Glory","Glory"
459,"植物",False,False,False,True,"Goer","",""
460,"植物",False,False,False,True,"Comte","",""
461,"植物",True,False,False,False,"Duchess","",""
462,"植物",True,False,False,False,"Duchesse","",""
463,"植物",False,False,False,True,"Held","",""
464,"植物",False,False,False,True,"Hero","",""
465,"植物",False,False,False,True,"Maestro","",""
466,"",False,False,False,False,"","",""
467,"植物",False,True,True,True,"Seigneur","Seigneur","Seigneur"
468,"植物",False,True,False,False,"III","III","III"
469,"植物",False,False,True,False,"Infinity","",""
470,"植物",False,False,False,True,"IV","",""
471,"植物",False,True,True,True,"Letzter","Letzter","Letzter"
472,"概念",False,False,False,True,"Quatorzième","",""
473,"植物",False,False,False,True,"Asuka","",""
474,"植物",False,False,False,True,"Jack","",""
475,"植物",False,True,False,False,"Dancing","Dancing","Dancing"
476,"植物",False,True,True,True,"Gysahl","Gysahl","Gysahl"
477,"植物",False,False,True,True,"Quadrille","",""
478,"植物",True,False,False,False,"Saddle","",""
479,"植物",False,False,False,True,"Fascination","",""
480,"植物",False,False,False,True,"Aen","",""
481,"植物",False,False,True,False,"Gambrinous","Gambrinous","Gambrinous"
482,"動物",False,True,False,False,"Ambré","","Ambré"
483,"動物",False,False,False,True,"Blaues","",""
484,"動物",False,False,False,True,"Bleu","",""
485,"動物",False,True,True,True,"Grüner","Grüner","Grüner"
486,"形容詞1",False,True,False,False,"Schwarzer","Schwarzer","Schwarzer"
487,"動物",True,False,False,False,"Silberne","",""
488,"動物",False,True,False,False,"Xanthous","Xanthous","Xanthous"
489,"動物",False,True,False,False,"Airain","Airain","Airain"
490,"動物",False,False,False,True,"Bronze","",""
491,"動物",False,True,False,False,"Charbon","Charbon","Charbon"
492,"動物",False,True,False,False,"Seidiges","Seidiges","Seidiges"
493,"動物",False,True,False,False,"Adoré","Adoré","Adoré"
494,"",False,False,False,False,"","",""
495,"",False,False,False,False,"","",""
496,"動物",False,False,False,True,"Klappriger","",""
497,"動物",False,False,False,True,"Saurer","",""
498,"動物",False,True,False,False,"Edle","Edle","Edle"
499,"",False,False,False,False,"","",""
500,"動物",False,True,False,True,"Audacieuse","Audacieuse","Audacieuse"
501,"",False,False,False,False,"","",""
502,"動物",False,False,False,True,"Chanceuse","",""
503,"動物",False,False,False,True,"Fringant","",""
504,"",False,False,False,False,"","",""
505,"動物",False,False,True,False,"Pureté","",""
506,"動物",False,False,False,True,"Treue","",""
507,"動物",False,True,False,False,"Äther","Äther","Äther"
508,"動物",False,True,True,True,"Atma","Atma","Atma"
509,"動物",False,False,False,True,"Divine","",""
510,"動物",False,True,False,True,"End","End","End"
511,"動物",False,False,False,True,"Ghost","",""
512,"動物",False,True,False,False,"Hope","Hope","Hope"
513,"",False,False,False,False,"","",""
514,"",False,False,False,False,"","",""
515,"動物",False,True,False,False,"Momo","Momo","Momo"
516,"動物",False,True,False,True,"Myosotis","Myosotis","Myosotis"
517,"動物",False,True,False,False,"Sakura","Sakura","Sakura"
518,"動物",False,False,True,False,"Tulipe","Tulipe","Tulipe"
519,"動物",False,False,True,False,"Draconique","Draconique","Draconique"
520,"動物",False,True,False,False,"Duvet","Duvet","Duvet"
521,"動物",False,True,False,False,"Hengst","Hengst","Hengst"
522,"動物",False,True,False,False,"Manticore","Manticore","Manticore"
523,"動物",False,False,True,False,"Plumage","",""
524,"動物",False,False,False,True,"Comète","",""
525,"動物",False,True,False,False,"Montagnard","Montagnard","Montagnard"
526,"動物",False,True,False,False,"Automne","Automne","Automne"
527,"動物",True,False,False,False,"Blitz","",""
528,"動物",False,True,False,False,"Bourrasque","Bourrasque","Bourrasque"
529,"動物",False,False,True,False,"Fog","",""
530,"動物",True,False,False,False,"Kasumi","",""
531,"動物",False,False,False,True,"Flamboyant","",""
532,"動物",False,True,False,False,"Frozen","Frozen","Frozen"
533,"動物",False,False,True,False,"Chasseur","Chasseur","Chasseur"
534,"競争",False,True,False,False,"General","General","General"
535,"動物",False,True,False,False,"Jägerin","Jägerin","Jägerin"
536,"動物",False,False,False,True,"Sergeant","",""
537,"動物",False,True,False,True,"Herold","Herold","Herold"
538,"その他",False,False,False,True,"Baronne","",""
539,"動物",False,True,False,False,"Comtesse","Comtesse","Comtesse"
540,"動物",False,True,True,False,"Héritière","Héritière","Héritière"
541,"動物",True,False,False,False,"Kleine","",""
542,"動物",False,False,False,True,"Leichter","",""
543,"動物",False,False,False,True,"Million","",""
544,"動物",False,False,False,True,"Nice","",""
545,"動物",False,True,False,False,"Olles","Olles","Olles"
546,"動物",False,True,False,False,"Omega","Omega","Omega"
547,"動物",False,False,False,True,"Petite","",""
548,"動物",False,False,False,True,"XIII","",""
549,"動物",False,True,True,False,"XIV","XIV","XIV"
550,"動物",False,True,False,False,"Young","Young","Young"
551,"動物",False,False,False,True,"Zero","",""
552,"動物",False,True,False,True,"Digga","Digga","Digga"
553,"動物",False,True,False,True,"Goemon","Goemon","Goemon"
554,"動物",False,True,True,False,"Komachi","Komachi","Komachi"
555,"動物",False,False,False,True,"Luzie","Luzie","Luzie"
556,"動物",False,False,False,True,"Musashi","",""
557,"動物",False,False,False,True,"Neddy","",""
558,"動物",False,True,False,False,"Bo","Bo","Bo"
559,"動物",False,False,False,True,"Clipper","",""
560,"動物",False,True,False,False,"Flocke","Flocke","Flocke"
561,"動物",False,False,False,True,"Kweh","",""
562,"動物",False,False,True,False,"Devilish","Devilish","Devilish"
563,"動物",False,False,True,False,"Toho","",""
564,"動物",False,False,True,False,"Fuhai","Fuhai","Fuhai"
565,"動物",False,True,False,True,"","",""
566,"動物",False,False,False,True,"Barrel","",""
567,"動物",False,True,False,False,"Dead","Dead","Dead"
568,"動物",False,True,False,False,"Seventh","Seventh","Seventh"
569,"動物",False,False,True,False,"Collywobbles","",""
570,"動物",False,True,False,False,"Ironclad","Ironclad","Ironclad"
571,"動物",False,True,False,False,"Crucifix","Crucifix","Crucifix"
572,"動物",False,True,False,True,"Thunderbolt","Thunderbolt","Thunderbolt"
573,"動物",False,True,True,False,"Spit","Spit","Spit"
574,"競争",False,False,False,True,"Cooper","Cooper","Cooper"
575,"動物",False,True,False,False,"Unchained","Unchained","Unchained"
576,"動物",False,False,True,False,"Judge","Judge","Judge"
577,"動物",False,False,False,True,"Sore","",""
578,"動物",False,True,False,False,"Fierté","Fierté","Fierté"
579,"動物",False,True,False,False,"Sweaty","Sweaty","Sweaty"
580,"容姿",False,True,False,False,"Heavens","Heavens","Heavens"
581,"動物",False,True,True,True,"Saffron","Saffron","Saffron"
582,"形容詞1",False,False,False,True,"Magnificent","",""
583,"形容詞1",False,False,False,True,"Magnifique","",""
584,"その他",False,True,False,True,"Natural","Natural","Natural"
585,"形容詞1",False,False,False,True,"Charmant","",""
586,"形容詞1",False,False,False,True,"Charmante","",""
587,"天文地理",False,True,False,False,"Wilde","Wilde","Wilde"
588,"天文地理",False,False,False,True,"Wilder","Wilder","Wilder"
589,"天文地理",False,True,False,False,"Fougueuse","Fougueuse","Fougueuse"
590,"天文地理",False,True,False,False,"Tranquil","Tranquil","Tranquil"
591,"天文地理",False,False,False,True,"Tranquille","",""
592,"形容詞1",False,True,False,False,"Joy","Joy","Joy"
593,"天文地理",False,True,True,False,"Lucky","Lucky","Lucky"
594,"天文地理",False,False,False,True,"Lutin","",""
595,"天文地理",False,False,False,True,"Jacinthe","Jacinthe","Jacinthe"
596,"天文地理",False,True,False,False,"Fledgling","Fledgling","Fledgling"
597,"天文地理",False,True,False,False,"Jay","Jay","Jay"
598,"天文地理",False,False,True,True,"Schwinge","Schwinge","Schwinge"
599,"天文地理",False,True,False,False,"Serpent","Serpent","Serpent"
600,"天文地理",True,False,False,False,"Campagnard","",""
601,"天文地理",False,True,False,False,"Hiver","Hiver","Hiver"
602,"天文地理",False,False,True,False,"Inazuma","",""
603,"天文地理",False,True,False,True,"Smoking","Smoking","Smoking"
604,"天文地理",False,True,False,True,"Spark","Spark","Spark"
605,"天文地理",False,False,True,False,"Captain","Captain","Captain"
606,"天文地理",False,False,False,True,"Championne","Championne","Championne"
607,"天文地理",False,True,False,False,"Chance","Chance","Chance"
608,"天文地理",False,False,False,True,"Coureur","",""
609,"天文地理",False,True,True,True,"Jumping","Jumping","Jumping"
610,"天文地理",False,False,False,True,"Triumph","",""
611,"天文地理",False,True,False,False,"Trot","Trot","Trot"
612,"天文地理",False,False,False,True,"Turbo","",""
613,"天文地理",False,False,False,True,"Véloce","",""
614,"天文地理",False,True,True,False,"Altesse","Altesse","Altesse"
615,"天文地理",False,False,True,False,"Empereur","",""
616,"形容詞1",False,False,False,True,"","",""
617,"形容詞1",False,False,False,True,"Friend","",""
618,"天文地理",False,True,False,False,"Girl","Girl","Girl"
619,"天文地理",False,True,False,False,"Kaiser","Kaiser","Kaiser"
620,"天文地理",False,True,False,False,"Kaiserin","Kaiserin","Kaiserin"
621,"天文地理",False,True,False,True,"","",""
622,"天文地理",False,True,False,False,"Maître","Maître","Maître"
623,"形容詞1",False,True,False,False,"","",""
624,"天文地理",False,True,True,True,"Papa","Papa","Papa"
625,"天文地理",False,False,False,True,"Reine","",""
626,"天文地理",False,False,False,True,"Riche","",""
627,"天文地理",False,False,False,True,"Junge","",""
628,"天文地理",False,False,False,True,"Junger","",""
629,"天文地理",False,True,False,False,"Gonzales","Gonzales","Gonzales"
630,"天文地理",False,False,False,True,"Hermes","",""
631,"天文地理",False,True,False,False,"Ishgardais","Ishgardais","Ishgardais"
632,"天文地理",False,True,False,False,"Farceur","Farceur","Farceur"
633,"天文地理",False,True,False,False,"Trotteuse","Trotteuse","Trotteuse"
634,"天文地理",False,False,False,True,"Twelveswood","",""
635,"天文地理",False,True,False,False,"Spoony","Spoony","Spoony"
636,"天文地理",False,False,False,True,"","",""
637,"天文地理",False,False,False,True,"Wet","",""
638,"天文地理",False,True,True,False,"Cobra","Cobra","Cobra"
639,"天文地理",False,False,False,True,"Top","",""
640,"形容詞1",False,True,False,False,"Something","Something","Something"
641,"天文地理",False,True,False,True,"Loose","Loose","Loose"
642,"天文地理",False,True,False,False,"Closing","Closing","Closing"
643,"天文地理",False,True,False,False,"Highlander","Highlander","Highlander"
644,"",False,False,False,False,"","",""
645,"天文地理",False,True,False,False,"Storyteller","","Storyteller"
646,"形容詞1",False,True,False,False,"Oblivion","Oblivion","Oblivion"
647,"天文地理",False,True,True,True,"Waters","Waters","Waters"
648,"天文地理",False,False,False,True,"","",""
649,"天文地理",False,True,False,False,"Freedom","Freedom","Freedom"
650,"天文地理",False,True,False,True,"Burner","Burner","Burner"
651,"天文地理",True,False,False,False,"Groundskeeper","",""
652,"天文地理",False,True,False,False,"Chains","Chains","Chains"
653,"天文地理",False,False,False,True,"","",""
654,"天文地理",False,True,False,False,"Play","Play","Play"
655,"天文地理",False,False,False,True,"Deal","",""
656,"天文地理",False,True,False,False,"Aldébaran","","Aldébaran"
657,"形容詞1",False,True,False,False,"Marylou","Marylou","Marylou"
658,"気象",False,True,False,True,"Blond","Blond","Blond"
659,"気象",True,False,False,False,"Brune","",""
660,"気象",True,False,False,False,"Céleste","",""
661,"気象",True,False,False,False,"Ivory","",""
662,"気象",False,False,False,True,"Jais","",""
663,"気象",False,False,False,True,"Roux","",""
664,"気象",False,True,False,False,"Rubican","Rubican","Rubican"
665,"戦闘",False,True,True,False,"Ruby","Ruby","Ruby"
666,"気象",False,True,True,True,"Schatz","Schatz","Schatz"
667,"気象",False,False,False,True,"Bon","Bon","Bon"
668,"気象",False,True,False,False,"Easy","Easy","Easy"
669,"気象",False,False,True,True,"Filant","Filant","Filant"
670,"気象",False,False,False,True,"Beauty","",""
671,"気象",False,True,False,False,"Gallant","Gallant","Gallant"
672,"気象",False,True,False,True,"Kluge","Kluge","Kluge"
673,"形容詞1",False,True,False,False,"Peureuse","Peureuse","Peureuse"
674,"気象",False,False,True,False,"Avenir","",""
675,"気象",False,False,True,False,"Légende","",""
676,"気象",False,False,False,True,"Liebe","Liebe","Liebe"
677,"気象",False,False,False,True,"Flower","",""
678,"気象",False,True,False,False,"Genet","Genet","Genet"
679,"気象",False,True,False,False,"Hayabusa","Hayabusa","Hayabusa"
680,"気象",False,True,True,False,"Phénix","Phénix","Phénix"
681,"形容詞1",False,True,False,False,"Phoenix","Phoenix","Phoenix"
682,"気象",True,False,False,False,"Piaf","",""
683,"形容詞2",False,False,False,True,"Pony","",""
684,"形容詞2",False,False,False,True,"Poulet","Poulet","Poulet"
685,"気象",True,False,False,False,"Rémige","",""
686,"気象",False,True,False,False,"Serre","Serre","Serre"
687,"気象",False,True,False,False,"Jungle","Jungle","Jungle"
688,"気象",False,True,False,False,"Univers","Univers","Univers"
689,"気象",True,False,False,False,"Vénus","",""
690,"気象",True,False,False,False,"Arc-en-ciel","",""
691,"気象",False,False,False,True,"Luft","",""
692,"気象",False,True,False,False,"Orageuse","Orageuse","Orageuse"
693,"気象",True,False,False,False,"Shigure","",""
694,"気象",True,False,False,False,"Tempête","",""
695,"気象",True,False,False,False,"Admiral","",""
696,"気象",False,True,False,False,"Spear","Spear","Spear"
697,"気象",False,False,True,False,"Challenger","",""
698,"気象",False,True,False,True,"Courrier","Courrier","Courrier"
699,"気象",False,False,False,True,"","",""
700,"気象",True,False,False,False,"Heldin","",""
701,"気象",True,False,False,False,"Impératrice","",""
702,"気象",False,True,False,True,"Impérial","Impérial","Impérial"
703,"気象",False,True,False,False,"Mama","","Mama"
704,"気象",False,False,False,True,"Picker","",""
705,"気象",False,False,False,True,"Princess","",""
706,"気象",True,False,False,False,"Prinz","",""
707,"気象",False,False,False,True,"Gros","",""
708,"気象",False,False,False,True,"Großer","",""
709,"気象",False,False,False,True,"Großes","",""
710,"気象",False,False,True,False,"Junges","Junges","Junges"
711,"気象",False,False,False,True,"Kleiner","",""
712,"気象",False,False,False,True,"Diane","",""
713,"気象",False,False,False,True,"Surusumi","",""
714,"気象",False,True,False,False,"Gridanische","Gridanische","Gridanische"
715,"気象",False,False,False,True,"Mhigoise","",""
716,"気象",True,True,False,False,"Ul'dahn","Ul'dahn","Ul'dahn"
717,"気象",False,True,False,False,"Ul'dahner","Ul'dahner","Ul'dahner"
718,"気象",False,True,False,False,"Uldien","Uldien","Uldien"
719,"気象",False,False,True,False,"Chocolat","Chocolat","Chocolat"
720,"気象",True,False,False,False,"Sharlayan","",""
721,"気象",False,True,False,False,"Souffle","Souffle","Souffle"
722,"気象",True,False,False,False,"Hedge","",""
723,"気象",True,False,False,False,"Dreamer's","",""
724,"気象",False,True,False,False,"","",""
725,"気象",False,True,False,False,"Cut","Cut","Cut"
726,"気象",False,True,False,False,"Guardian","Guardian","Guardian"
727,"形容詞1",False,True,False,False,"","",""
728,"気象",False,True,False,False,"Fair","Fair","Fair"
729,"気象",False,True,False,False,"Polished","Polished","Polished"
730,"気象",False,False,True,False,"","",""
731,"気象",False,True,False,False,"Undersecretariat","Undersecretariat","Undersecretariat"
732,"気象",False,True,False,False,"Yesterday","Yesterday","Yesterday"
733,"気象",False,True,False,False,"Ambidexter","Ambidexter","Ambidexter"
734,"気象",False,False,False,True,"Bane","",""
735,"気象",False,True,False,False,"Up","Up","Up"
736,"気象",False,False,False,True,"Back","Back","Back"
737,"気象",False,False,False,True,"Preacher","Preacher","Preacher"
738,"気象",False,True,True,False,"Clear","Clear","Clear"
739,"気象",False,False,False,True,"Lips","",""
740,"気象",False,True,False,False,"Later","Later","Later"
741,"気象",True,False,False,False,"Folly","",""
742,"気象",False,False,False,True,"Crow","",""
743,"気象",False,True,False,False,"de la Noscea","de la Noscea","de la Noscea"
744,"気象",False,True,False,False,"Jonquille","Jonquille","Jonquille"
745,"気象",False,True,True,False,"Legally","Legally","Legally"
746,"気象",False,True,True,False,"Stunning","Stunning","Stunning"
747,"気象",False,False,True,False,"Unfair","",""
748,"気象",False,False,True,False,"Swallowtail","Swallowtail","Swallowtail"
749,"気象",True,False,False,False,"Roam","",""
750,"気象",False,True,False,False,"Apparent","Apparent","Apparent"
751,"気象",False,False,False,True,"Side","",""
752,"現象",False,True,False,False,"Mythril","Mythril","Mythril"
753,"形容詞1",False,True,False,False,"Obsidienne","Obsidienne","Obsidienne"
754,"現象",False,False,False,True,"Chic","",""
755,"現象",False,False,False,True,"Clair","",""
756,"現象",False,True,False,False,"Guter","Guter","Guter"
757,"形容詞1",False,True,False,False,"Fier","Fier","Fier"
758,"現象",False,False,False,True,"Liberty","",""
759,"現象",False,False,False,True,"Apkallu","",""
760,"現象",False,False,True,False,"Avian","Avian","Avian"
761,"形容詞1",False,True,False,False,"Bec","Bec","Bec"
762,"現象",False,True,False,False,"Claw","","Claw"
763,"現象",False,False,False,True,"","",""
764,"現象",False,False,False,True,"Daune","",""
765,"現象",False,False,True,True,"Dobbin","",""
766,"現象",False,True,False,False,"Dodo","Dodo","Dodo"
767,"現象",False,True,False,False,"Palefroi","Palefroi","Palefroi"
768,"形容詞1",False,True,False,False,"Phurble","Phurble","Phurble"
769,"現象",False,False,True,False,"Poussin","",""
770,"現象",False,False,False,True,"Highland","",""
771,"現象",True,False,False,False,"Ikazuchi","",""
772,"現象",False,True,False,False,"Quake","","Quake"
773,"形容詞1",False,True,False,False,"Raiden","Raiden","Raiden"
774,"現象",False,True,False,True,"Snowstorm","Snowstorm","Snowstorm"
775,"現象",False,True,False,False,"Tempest","Tempest","Tempest"
776,"現象",False,True,True,False,"Tornado","Tornado","Tornado"
777,"現象",True,False,False,False,"Blitzer","",""
778,"現象",False,True,False,False,"Shooting","Shooting","Shooting"
779,"現象",False,True,False,True,"Fast","Fast","Fast"
780,"現象",False,False,False,True,"Tycoon","",""
781,"現象",False,True,False,True,"Gridanischer","Gridanischer","Gridanischer"
782,"形容詞1",False,True,False,True,"Lominsan","Lominsan","Lominsan"
783,"現象",False,True,False,False,"Bonbon","Bonbon","Bonbon"
784,"色",False,False,False,True,"","",""
785,"色",False,False,False,True,"Jinpu","",""
786,"色",False,True,False,True,"Mon","Mon","Mon"
787,"色",False,False,False,True,"Monture","",""
788,"現象",False,True,False,False,"Morbid","Morbid","Morbid"
789,"形容詞1",False,True,False,False,"Three","Three","Three"
790,"形容詞1",False,True,False,False,"Common","Common","Common"
791,"現象",False,True,False,False,"Wily","Wily","Wily"
792,"形容詞1",False,True,False,False,"Gummy","Gummy","Gummy"
793,"形容詞1",False,True,False,False,"What","What","What"
794,"現象",False,True,False,True,"Chices","Chices","Chices"
795,"戦闘",False,True,False,False,"","",""
796,"戦闘",False,True,True,False,"Ambrée","Ambrée","Ambrée"
797,"戦闘",False,False,False,True,"Gelbe","",""
798,"戦闘",False,False,False,True,"Gelber","",""
799,"戦闘",False,True,False,True,"Jaune","Jaune","Jaune"
800,"戦闘",False,False,False,True,"Midori","",""
801,"戦闘",False,True,False,False,"Ocré","Ocré","Ocré"
802,"戦闘",False,False,False,True,"Rote","",""
803,"戦闘",False,False,False,True,"Roter","",""
804,"戦闘",False,False,False,True,"Rotes","",""
805,"戦闘",False,True,False,False,"Scarlet","Scarlet","Scarlet"
806,"戦闘",False,True,False,False,"Schwarzes","Schwarzes","Schwarzes"
807,"競争",False,True,False,False,"Smalt","Smalt","Smalt"
808,"競争",False,False,False,True,"Yellow","Yellow","Yellow"
809,"戦闘",False,True,False,False,"Aetherial","Aetherial","Aetherial"
810,"戦闘",False,True,False,False,"Garnet","Garnet","Garnet"
811,"",False,False,False,False,"","",""
812,"戦闘",False,True,False,False,"Saphir","Saphir","Saphir"
813,"性質",False,True,True,True,"Claire","Claire","Claire"
814,"戦闘",False,False,False,True,"Negative","",""
815,"戦闘",False,True,False,False,"Old","Old","Old"
816,"戦闘",False,True,False,True,"Poetic","Poetic","Poetic"
817,"戦闘",False,True,False,False,"Spéciale","Spéciale","Spéciale"
818,"戦闘",False,False,False,True,"Ultra","",""
819,"戦闘",False,False,False,True,"Vivid","",""
820,"戦闘",False,True,False,False,"Ambitious","Ambitious","Ambitious"
821,"戦闘",False,True,False,False,"Hardie","Hardie","Hardie"
822,"戦闘",False,True,False,False,"Kluger","Kluger","Kluger"
823,"戦闘",False,True,False,False,"Sanfter","Sanfter","Sanfter"
824,"戦闘",False,False,False,True,"Sanftes","",""
825,"戦闘",False,False,False,True,"Sereine","",""
826,"戦闘",False,True,False,False,"Treuer","Treuer","Treuer"
827,"概念",False,False,False,True,"Treues","",""
828,"戦闘",False,True,False,False,"Momiji","Momiji","Momiji"
829,"戦闘",False,True,False,False,"Blood","Blood","Blood"
830,"戦闘",False,True,False,False,"Condor","Condor","Condor"
831,"戦闘",False,False,False,True,"Dragon","Dragon","Dragon"
832,"戦闘",False,True,True,False,"Citadine","Citadine","Citadine"
833,"戦闘",False,False,True,False,"Eclipse","",""
834,"戦闘",False,False,True,False,"Feu","",""
835,"戦闘",False,False,True,False,"Feuer","",""
836,"戦闘",False,True,False,False,"Freeze","Freeze","Freeze"
837,"戦闘",False,True,False,False,"Battle","Battle","Battle"
838,"戦闘",False,True,False,False,"Défenseur","Défenseur","Défenseur"
839,"戦闘",False,True,True,False,"Knife","Knife","Knife"
840,"戦闘",False,True,False,True,"Shooter","Shooter","Shooter"
841,"戦闘",False,True,False,False,"Lahme","Lahme","Lahme"
842,"戦闘",False,False,False,True,"Esquire","",""
843,"戦闘",True,True,True,True,"Marquis","Marquis","Marquis"
844,"戦闘",False,True,False,False,"Last","Last","Last"
845,"戦闘",False,False,True,False,"XII","",""
846,"戦闘",False,True,False,False,"Valentine","Valentine","Valentine"
847,"競争",False,False,False,True,"Zetsuei","Zetsuei","Zetsuei"
848,"競争",False,False,False,True,"der Bruderschaft","",""
849,"性質",False,True,False,False,"Flyer","Flyer","Flyer"
850,"性質",False,True,False,False,"Matsukaze","Matsukaze","Matsukaze"
851,"戦闘",True,False,False,True,"Shinden","Shinden","Shinden"
852,"戦闘",False,True,False,False,"Street","Street","Street"
853,"戦闘",False,False,False,True,"Ever","",""
854,"戦闘",False,True,False,False,"Lully","Lully","Lully"
855,"戦闘",False,True,False,False,"Spriggan's","Spriggan's","Spriggan's"
856,"形容詞1",False,True,False,False,"Coerthan","Coerthan","Coerthan"
857,"戦闘",False,True,False,False,"Pullarian","Pullarian","Pullarian"
858,"戦闘",False,True,False,False,"Lerricomtwang","Lerricomtwang","Lerricomtwang"
859,"戦闘",False,True,False,False,"","",""
860,"性質",False,False,True,False,"Morningstar","",""
861,"性質",False,False,True,False,"Theomeny","",""
862,"性質",False,False,True,False,"Vicambulator","Vicambulator","Vicambulator"
863,"戦闘",False,True,True,False,"","",""
864,"戦闘",False,False,False,True,"","",""
865,"戦闘",False,False,False,True,"Creeper","",""
866,"戦闘",False,True,False,False,"Delight","Delight","Delight"
867,"戦闘",False,False,False,True,"","",""
868,"戦闘",False,False,False,True,"","",""
869,"戦闘",False,False,False,True,"Form","",""
870,"戦闘",False,False,False,True,"Below","",""
871,"形容詞2",False,True,False,False,"Judgment","Judgment","Judgment"
872,"戦闘",False,True,False,False,"d'Éorzéa","d'Éorzéa","d'Éorzéa"
873,"戦闘",False,True,False,False,"de Sombrelinceul","de Sombrelinceul","de Sombrelinceul"
874,"形容詞1",False,True,False,True,"Blauer","Blauer","Blauer"
875,"動物",False,False,False,True,"Bleue","",""
876,"",False,False,False,False,"","",""
877,"競争",False,False,False,True,"Red","",""
878,"競争",False,False,False,True,"Velvet","Velvet","Velvet"
879,"競争",False,True,False,False,"Raging","Raging","Raging"
880,"競争",False,False,False,True,"Rich","Rich","Rich"
881,"競争",False,False,False,True,"Rising","",""
882,"競争",False,True,True,True,"Robuste","Robuste","Robuste"
883,"競争",False,False,False,True,"Calme","",""
884,"競争",False,False,False,True,"Candid","",""
885,"競争",False,True,False,False,"Groove","Groove","Groove"
886,"競争",False,False,False,True,"Silent","",""
887,"競争",False,True,False,False,"Dream","","Dream"
888,"競争",False,True,True,False,"Mimosa","Mimosa","Mimosa"
889,"形容詞1",False,True,False,False,"Rose","Rose","Rose"
890,"容姿",False,True,False,False,"Tournesol","Tournesol","Tournesol"
891,"形容詞1",False,True,False,False,"Eagle","Eagle","Eagle"
892,"競争",False,True,False,False,"Eye","Eye","Eye"
893,"競争",False,False,True,False,"Face","Face","Face"
894,"競争",False,False,True,False,"Feather","",""
895,"競争",False,False,True,False,"Feder","",""
896,"形容詞1",False,True,False,False,"Hatchling","Hatchling","Hatchling"
897,"競争",False,False,False,True,"Schnabel","Schnabel","Schnabel"
898,"競争",False,False,False,True,"Schweif","",""
899,"競争",False,True,False,False,"Steed","Steed","Steed"
900,"競争",False,True,False,True,"Stute","Stute","Stute"
901,"競争",False,False,False,True,"Sumpter","",""
902,"競争",False,False,False,True,"Talon","",""
903,"競争",False,False,False,True,"Trotter","",""
904,"競争",False,False,False,True,"Himmel","Himmel","Himmel"
905,"競争",False,False,True,False,"Jupiter","",""
906,"競争",False,True,False,False,"Lunar","Lunar","Lunar"
907,"競争",False,True,False,False,"Mars","Mars","Mars"
908,"称号",False,False,True,False,"Gale","Gale","Gale"
909,"競争",True,False,False,False,"Rain","",""
910,"形容詞2",False,True,False,True,"Vent","Vent","Vent"
911,"競争",False,True,False,True,"Glace","Glace","Glace"
912,"形容詞1",False,True,False,False,"Rutilant","Rutilant","Rutilant"
913,"競争",False,False,True,False,"Dagger","",""
914,"競争",False,False,True,False,"Decurion","Decurion","Decurion"
915,"競争",False,False,True,False,"Décurion","",""
916,"形容詞1",False,True,False,False,"Geschoss","Geschoss","Geschoss"
917,"形容詞1",False,False,False,True,"Private","",""
918,"競争",False,True,False,False,"Haoh","","Haoh"
919,"形容詞1",False,True,False,False,"","",""
920,"競争",False,True,False,False,"Max","","Max"
921,"競争",False,True,False,False,"One","One","One"
922,"競争",False,True,False,False,"Nemesis","Nemesis","Nemesis"
923,"競争",False,True,False,False,"Némésis","Némésis","Némésis"
924,"形容詞1",False,False,False,True,"","",""
925,"形容詞1",False,True,False,False,"Ixali","Ixali","Ixali"
926,"競争",False,False,False,True,"Amatsukaze","",""
927,"競争",False,True,False,False,"Melodie","Melodie","Melodie"
928,"競争",False,False,False,True,"Whorl","",""
929,"競争",False,False,False,True,"Z","",""
930,"競争",False,False,True,False,"Akh","",""
931,"競争",False,True,False,False,"","",""
932,"競争",False,True,False,False,"Bucking","Bucking","Bucking"
933,"競争",False,False,True,True,"Fifty","Fifty","Fifty"
934,"形容詞1",False,True,False,False,"","",""
935,"競争",False,False,True,False,"Trees","",""
936,"競争",False,True,False,True,"Doorstep","Doorstep","Doorstep"
937,"競争",False,True,True,True,"Morn","Morn","Morn"
938,"競争",False,False,False,True,"Temptation","",""
939,"競争",False,False,False,True,"Hell","Hell","Hell"
940,"競争",False,True,False,False,"On","On","On"
941,"競争",False,True,False,False,"Pride","Pride","Pride"
942,"競争",False,True,False,False,"Amélie","Amélie","Amélie"
943,"競争",False,True,False,False,"Unhappy","Unhappy","Unhappy"
944,"形容詞1",False,True,False,False,"Gardyloo","Gardyloo","Gardyloo"
945,"称号",False,False,False,True,"Cérulée","",""
946,"称号",False,False,False,True,"Ocrée","",""
947,"称号",False,True,True,True,"Violette","Violette","Violette"
948,"称号",False,True,False,False,"Weiße","","Weiße"
949,"称号",False,False,False,True,"Weißer","",""
950,"称号",False,True,False,False,"Bonne","Bonne","Bonne"
951,"称号",False,False,False,True,"Wicked","",""
952,"称号",False,False,False,True,"Wonder","",""
953,"称号",False,False,False,True,"Ardent","",""
954,"称号",False,False,False,True,"Ardente","",""
955,"称号",False,True,False,False,"Braves","Braves","Braves"
956,"称号",False,True,False,False,"Brilliant","","Brilliant"
957,"称号",False,True,False,False,"Candide","Candide","Candide"
958,"称号",False,False,True,True,"Kluges","",""
959,"称号",False,False,False,True,"Sombre","",""
960,"",False,False,False,False,"","",""
961,"称号",False,False,False,True,"Ewiger","",""
962,"称号",False,True,False,False,"Ewiges","","Ewiges"
963,"称号",False,False,False,True,"Fairy","",""
964,"称号",False,True,False,False,"Farfadet","Farfadet","Farfadet"
965,"称号",False,False,False,True,"Bleuet","",""
966,"称号",False,True,False,False,"Camelia","","Camelia"
967,"称号",False,True,False,False,"Cannelle","Cannelle","Cannelle"
968,"称号",False,True,False,False,"Flore","Flore","Flore"
969,"",False,False,False,False,"","",""
970,"称号",False,True,False,False,"Pegasus","Pegasus","Pegasus"
971,"性質",False,False,False,True,"Trotteur","",""
972,"称号",False,True,False,False,"Gekko","Gekko","Gekko"
973,"",False,False,False,False,"","",""
974,"形容詞1",False,False,False,True,"Nova","",""
975,"性質",False,True,False,False,"Occidental","Occidental","Occidental"
976,"形容詞1",False,False,False,True,"Solar","Solar","Solar"
977,"称号",True,False,False,False,"West","",""
978,"称号",False,False,True,False,"Cloud","",""
979,"称号",False,False,True,False,"Cyclone","",""
980,"称号",False,False,False,True,"Frost","",""
981,"称号",False,False,False,True,"Frosty","",""
982,"称号",False,True,False,False,"Fulgurante","Fulgurante","Fulgurante"
983,"称号",False,True,False,False,"Fuyu","Fuyu","Fuyu"
984,"称号",False,False,True,False,"Gloom","",""
985,"称号",False,True,False,False,"Regenbogen","Regenbogen","Regenbogen"
986,"称号",False,False,False,True,"Snowy","",""
987,"形容詞2",False,True,False,False,"Spring","","Spring"
988,"形容詞2",False,False,False,True,"Storm","",""
989,"形容詞2",False,False,False,True,"Sturm","",""
990,"形容詞1",False,False,False,True,"Icy","",""
991,"称号",False,True,True,False,"Vortex","Vortex","Vortex"
992,"称号",False,False,True,False,"Ace","",""
993,"称号",False,True,False,False,"Archer","Archer","Archer"
994,"称号",False,True,True,False,"Crusader","Crusader","Crusader"
995,"称号",False,True,True,False,"Agile","","Agile"
996,"称号",False,False,False,True,"Express","",""
997,"称号",False,False,True,True,"Feathered","",""
998,"称号",False,True,True,False,"Flinker","Flinker","Flinker"
999,"",False,False,False,False,"","",""
1000,"称号",False,False,False,True,"Gagnant","",""
1001,"称号",False,False,False,True,"Gagnante","",""
1002,"称号",False,False,False,True,"Galloper","",""
1003,"称号",False,True,False,False,"Galop","Galop","Galop"
1004,"称号",False,True,True,False,"Galopeuse","Galopeuse","Galopeuse"
1005,"",False,False,False,False,"","",""
1006,"称号",False,True,True,True,"Invincible","Invincible","Invincible"
1007,"称号",False,True,True,True,"Jet","","Jet"
1008,"称号",False,True,False,False,"Motion","Motion","Motion"
1009,"称号",False,False,False,True,"Sprinter","","Sprinter"
1010,"称号",False,True,True,True,"Dame","Dame","Dame"
1011,"称号",False,True,False,False,"Demoiselle","Demoiselle","Demoiselle"
1012,"称号",False,False,False,True,"Empress","",""
1013,"形容詞2",False,True,False,True,"Master","Master","Master"
1014,"",False,False,False,False,"","",""
1015,"",False,False,False,False,"","",""
1016,"",False,False,False,False,"","",""
1017,"",False,False,False,False,"","",""
1018,"称号",False,True,True,True,"Letzte","Letzte","Letzte"
1019,"称号",False,True,False,False,"Longue","Longue","Longue"
1020,"称号",False,True,False,True,"Petit","Petit","Petit"
1021,"称号",False,False,True,False,"Zéro","Zéro","Zéro"
1022,"称号",False,True,False,True,"Senden","Senden","Senden"
1023,"称号",False,True,False,False,"Shinpu","Shinpu","Shinpu"
1024,"称号",False,False,False,True,"Sui","",""
1025,"称号",False,False,True,False,"Tekiro","",""
1026,"称号",False,False,True,False,"Tristan","",""
1027,"称号",False,True,False,False,"Ishgarder","Ishgarder","Ishgarder"
1028,"称号",False,False,False,True,"Cieldalaes","",""
1029,"形容詞2",False,False,False,True,"Danseuse","",""
1030,"称号",False,False,False,True,"Gourmand","Gourmand","Gourmand"
1031,"形容詞2",False,True,True,True,"","",""
1032,"形容詞2",False,False,False,True,"Le","",""
1033,"称号",False,True,False,True,"Ramage","Ramage","Ramage"
1034,"称号",False,False,True,False,"White","White","White"
1035,"称号",False,True,False,False,"Silly","Silly","Silly"
1036,"称号",False,False,False,True,"Trail","",""
1037,"称号",False,False,True,False,"","",""
1038,"称号",False,True,True,True,"Jabberwocky","Jabberwocky","Jabberwocky"
1039,"称号",False,True,True,False,"Drumstick","Drumstick","Drumstick"
1040,"称号",False,True,False,False,"Cove","","Cove"
1041,"称号",False,True,False,False,"Scared","Scared","Scared"
1042,"称号",False,False,True,False,"Buttertalons","Buttertalons","Buttertalons"
1043,"その他",False,True,True,True,"Cerulean","Cerulean","Cerulean"
1044,"形容詞1",False,True,False,False,"Electrum","",""
1045,"形容詞1",False,False,False,True,"Chanceux","",""
1046,"形容詞1",False,False,False,True,"Daring","",""
1047,"形容詞2",False,True,False,False,"Serein","Serein","Serein"
1048,"形容詞2",False,False,False,True,"","",""
1049,"形容詞2",False,True,False,True,"Camail","Camail","Camail"
1050,"容姿",False,True,False,False,"Flood","Flood","Flood"
1051,"形容詞1",False,False,False,True,"Septentrionale","",""
1052,"数量",False,False,True,False,"Southern","",""
1053,"数量",False,False,True,False,"Star","",""
1054,"数量",False,True,True,True,"Printemps","Printemps","Printemps"
1055,"数量",False,True,True,True,"Samidare","Samidare","Samidare"
1056,"数量",False,True,True,True,"Sandstorm","Sandstorm","Sandstorm"
1057,"数量",False,True,False,False,"Tourbillon","Tourbillon","Tourbillon"
1058,"数量",False,True,True,True,"Zephyr","","Zephyr"
1059,"数量",False,True,True,True,"Blaze","","Blaze"
1060,"容姿",False,False,True,False,"Rutilante","",""
1061,"容姿",False,False,True,False,"Shadow","Shadow","Shadow"
1062,"容姿",False,False,True,False,"Shining","",""
1063,"容姿",False,False,True,False,"Attaquante","",""
1064,"容姿",False,False,True,False,"Audace","Audace","Audace"
1065,"容姿",False,False,True,False,"Avenger","Avenger","Avenger"
1066,"形容詞2",False,True,False,False,"Destruction","Destruction","Destruction"
1067,"容姿",False,False,True,False,"Monstre","",""
1068,"容姿",False,False,True,False,"Ninja","",""
1069,"容姿",False,False,True,False,"Outlaw","",""
1070,"数量",False,False,True,False,"Puissant","Puissant","Puissant"
1071,"数量",False,False,True,False,"Puissante","",""
1072,"数量",False,False,True,False,"Robust","",""
1073,"形容詞1",False,True,False,True,"Vorpal","Vorpal","Vorpal"
1074,"形容詞1",False,False,False,True,"War","",""
1075,"形容詞2",False,True,False,False,"Power","Power","Power"
1076,"数量",False,False,False,True,"Prancer","",""
1077,"数量",False,False,False,True,"Preste","",""
1078,"数量",False,False,False,True,"Boy","",""
1079,"数量",False,True,True,False,"Chéri","Chéri","Chéri"
1080,"数量",False,True,True,True,"Chérie","Chérie","Chérie"
1081,"容姿",False,True,False,False,"Majesty","","Majesty"
1082,"形容詞1",False,False,True,False,"Sultan","Sultan","Sultan"
1083,"形容詞1",False,False,True,False,"Sultana","",""
1084,"その他",False,True,True,False,"Wuschel","Wuschel","Wuschel"
1085,"数量",False,True,False,False,"Big","Big","Big"
1086,"形容詞1",False,True,False,True,"VII","VII","VII"
1087,"形容詞1",False,False,False,True,"VIII","",""
1088,"数量",False,False,False,True,"Ishgardaise","",""
1089,"数量",False,True,False,False,"Blatherskite","Blatherskite","Blatherskite"
1090,"数量",False,True,True,True,"Playfellow","Playfellow","Playfellow"
1091,"数量",False,True,True,True,"Time","","Time"
1092,"形容詞1",False,False,False,True,"Left","",""
1093,"形容詞1",False,False,False,True,"Divinity","",""
1094,"数量",False,True,True,True,"Pie","Pie","Pie"
1095,"数量",False,True,True,True,"Nugget","","Nugget"
1096,"数量",False,True,True,True,"Wigs","Wigs","Wigs"
1097,"数量",False,True,True,True,"Palms","Palms","Palms"
1098,"数量",False,True,True,True,"Ward","Ward","Ward"
1099,"数量",False,True,True,True,"Aflame","Aflame","Aflame"
1100,"数量",False,True,True,True,"Jetbird","Jetbird","Jetbird"
1101,"容姿",False,True,False,False,"Who","Who","Who"
1102,"数量",False,True,False,False,"Soup","Soup","Soup"
1103,"数量",False,False,False,True,"Lied","",""
1104,"数量",False,True,False,False,"Helidor","Helidor","Helidor"
1105,"固有名詞",True,False,False,False,"Orange","",""
1106,"固有名詞",False,True,False,False,"Élancé","Élancé","Élancé"
1107,"固有名詞",False,True,False,False,"Geöltes","Geöltes","Geöltes"
1108,"固有名詞",False,False,False,True,"Pures","",""
1109,"固有名詞",False,True,True,False,"Vorwitziger","Vorwitziger","Vorwitziger"
1110,"固有名詞",False,False,False,True,"Vorwitziges","",""
1111,"固有名詞",False,False,True,False,"Wild","",""
1112,"固有名詞",True,False,False,False,"Lune","",""
1113,"固有名詞",False,False,True,False,"Meteor","Meteor","Meteor"
1114,"固有名詞",False,True,False,False,"Fubuki","Fubuki","Fubuki"
1115,"固有名詞",False,True,True,False,"Ouragan","Ouragan","Ouragan"
1116,"固有名詞",False,False,False,True,"Pluie","",""
1117,"固有名詞",True,False,False,False,"Shiranui","",""
1118,"固有名詞",True,False,False,False,"Braise","",""
1119,"称号",False,True,False,False,"Crackling","Crackling","Crackling"
1120,"固有名詞",True,False,False,False,"Capitaine","",""
1121,"",False,False,False,False,"","",""
1122,"固有名詞",False,False,True,False,"Crown","Crown","Crown"
1123,"固有名詞",True,False,False,False,"Nimble","",""
1124,"固有名詞",True,False,False,False,"Héritier","",""
1125,"称号",False,True,False,False,"King","King","King"
1126,"固有名詞",False,True,True,False,"Lord","Lord","Lord"
1127,"固有名詞",False,False,False,True,"Madame","",""
1128,"固有名詞",False,False,False,True,"Sage","",""
1129,"固有名詞",False,False,False,True,"Traveler","",""
1130,"",False,False,False,False,"","",""
1131,"固有名詞",False,True,False,False,"Hayate","Hayate","Hayate"
1132,"称号",False,True,False,False,"Koloss","Koloss","Koloss"
1133,"固有名詞",True,False,False,False,"Faith","",""
1134,"称号",False,True,False,False,"Quintessence","Quintessence","Quintessence"
1135,"固有名詞",True,False,False,False,"Legendary","",""
1136,"固有名詞",True,False,False,False,"Cozened","",""
1137,"固有名詞",True,False,False,False,"Barmy","",""
1138,"固有名詞",True,False,False,False,"","",""
1139,"固有名詞",True,False,False,False,"Dynamo","",""
1140,"固有名詞",True,False,False,False,"Whither","",""
1141,"称号",False,True,False,False,"Buzzer","Buzzer","Buzzer"
1142,"固有名詞",False,True,False,True,"","",""
1143,"固有名詞",False,True,False,False,"Locket","Locket","Locket"
1144,"固有名詞",True,False,False,False,"Use","",""
1145,"称号",False,True,False,True,"Tom","Tom","Tom"
1146,"固有名詞",True,False,False,False,"Hawk","",""
1147,"エオルゼア",False,False,True,False,"Stürmische","",""
1148,"エオルゼア",False,False,True,False,"Stürmischer","",""
1149,"エオルゼア",False,False,True,False,"Stürmisches","",""
1150,"エオルゼア",False,False,True,False,"Touched","",""
1151,"エオルゼア",False,True,False,False,"Ebony","Ebony","Ebony"
1152,"エオルゼア",False,True,False,False,"Vulture","Vulture","Vulture"
1153,"エオルゼア",False,True,False,False,"Pluto","Pluto","Pluto"
1154,"エオルゼア",False,False,False,True,"Pluton","",""
1155,"エオルゼア",False,False,False,True,"Quasar","",""
1156,"エオルゼア",False,False,True,False,"Road","",""
1157,"エオルゼア",False,False,True,False,"Saturn","Saturn","Saturn"
1158,"エオルゼア",False,False,True,False,"Saturne","",""
1159,"エオルゼア",False,False,False,True,"Winter","","Winter"
1160,"エオルゼア",False,False,False,True,"Wirbelwind","Wirbelwind","Wirbelwind"
1161,"エオルゼア",False,False,True,False,"Wolke","",""
1162,"エオルゼア",False,True,False,False,"Yukikaze","Yukikaze","Yukikaze"
1163,"エオルゼア",False,True,False,False,"Blazing","Blazing","Blazing"
1164,"エオルゼア",False,False,False,True,"Tapferes","",""
1165,"エオルゼア",False,False,False,True,"Torpedo","",""
1166,"エオルゼア",False,False,True,False,"Torpille","Torpille","Torpille"
1167,"エオルゼア",False,True,False,False,"Vengeuse","Vengeuse","Vengeuse"
1168,"エオルゼア",False,False,False,True,"Artiste","",""
1169,"エオルゼア",False,False,False,True,"Baron","",""
1170,"エオルゼア",False,False,True,False,"Tavern","",""
1171,"エオルゼア",False,True,False,False,"Knuckle","Knuckle","Knuckle"
1172,"エオルゼア",False,True,False,False,"Matron","Matron","Matron"
1173,"エオルゼア",False,False,True,False,"Said","",""
1174,"エオルゼア",False,False,False,True,"Pit","",""
1175,"エオルゼア",False,False,False,True,"Stunts","",""
1176,"その他",True,False,False,False,"Claybank","",""
1177,"その他",False,False,False,True,"Vermeille","",""
1178,"その他",False,True,False,True,"Émeraude","Émeraude","Émeraude"
1179,"動物",False,True,False,False,"Stone","Stone","Stone"
1180,"その他",False,True,True,True,"Wootz","Wootz","Wootz"
1181,"その他",False,False,False,True,"Helle","",""
1182,"その他",False,True,True,True,"Optimale","Optimale","Optimale"
1183,"競争",False,True,False,False,"Parfaite","Parfaite","Parfaite"
1184,"競争",False,True,False,True,"Super","Super","Super"
1185,"その他",False,False,False,True,"Beauté","Beauté","Beauté"
1186,"エオルゼア",False,True,False,True,"Bel","Bel","Bel"
1187,"競争",False,True,False,False,"Elegante","Elegante","Elegante"
1188,"その他",False,False,False,True,"Élégante","",""
1189,"その他",False,True,False,False,"Fière","Fière","Fière"
1190,"その他",False,True,False,False,"Humble","Humble","Humble"
1191,"その他",False,True,False,False,"Melancholy","Melancholy","Melancholy"
1192,"称号",False,True,False,False,"Merciless","Merciless","Merciless"
1193,"形容詞1",False,True,False,False,"Merry","Merry","Merry"
1194,"その他",False,False,False,True,"Patient","",""
1195,"その他",False,False,False,True,"Patiente","",""
1196,"称号",False,True,False,False,"Engel","Engel","Engel"
1197,"形容詞1",False,True,False,False,"Eternal","","Eternal"
1198,"",False,False,False,False,"","",""
1199,"その他",False,True,False,False,"Aoba","Aoba","Aoba"
1200,"性質",False,False,False,True,"Pensée","Pensée","Pensée"
1201,"性質",False,False,False,True,"Piment","",""
1202,"",False,False,False,False,"","",""
1203,"その他",False,False,True,False,"Flaum","",""
1204,"競争",False,True,False,False,"Goose","Goose","Goose"
1205,"その他",False,False,True,False,"Patte","Patte","Patte"
1206,"その他",False,True,True,True,"Robin","Robin","Robin"
1207,"性質",False,False,False,True,"Nebula","",""
1208,"性質",False,False,False,True,"Nebulous","",""
1209,"エオルゼア",False,True,False,True,"Véga","Véga","Véga"
1210,"その他",True,False,False,False,"Blizzard","",""
1211,"その他",True,False,False,False,"Gust","",""
1212,"その他",True,False,False,False,"Haru","",""
1213,"その他",True,False,False,False,"Lightning","",""
1214,"形容詞1",False,True,False,False,"Murasame","Murasame","Murasame"
1215,"その他",True,False,False,False,"Rafale","",""
1216,"",False,False,False,False,"","",""
1217,"その他",True,False,False,False,"Impact","",""
1218,"その他",False,False,True,False,"Brave","",""
1219,"その他",False,False,True,False,"Charger","Charger","Charger"
1220,"その他",False,True,False,False,"Chasseuse","",""
1221,"その他",False,False,False,True,"Commander","",""
1222,"",False,False,False,False,"","",""
1223,"その他",False,False,False,True,"Flèche","",""
1224,"その他",False,False,False,True,"Samurai","",""
1225,"その他",False,True,False,False,"Trêve","Trêve","Trêve"
1226,"その他",False,False,False,True,"Drafter","",""
1227,"その他",False,False,False,True,"Lahmer","",""
1228,"その他",True,False,False,False,"Pelter","",""
1229,"概念",False,False,True,False,"Sautante","",""
1230,"その他",False,False,False,True,"Sieger","Sieger","Sieger"
1231,"その他",False,True,False,False,"Speed","Speed","Speed"
1232,"その他",False,False,False,True,"Duke","",""
1233,"その他",False,False,False,True,"Galopin","",""
1234,"性質",False,False,False,True,"Ten","",""
1235,"その他",False,True,False,True,"Ikezuki","Ikezuki","Ikezuki"
1236,"",False,False,False,False,"","",""
1237,"その他",False,False,False,True,"Gridanienne","",""
1238,"",False,False,False,False,"","",""
1239,"動物",False,False,False,True,"Uldienne","",""
1240,"称号",False,True,False,False,"Balzane","Balzane","Balzane"
1241,"その他",True,False,False,False,"Clochette","",""
1242,"その他",False,True,False,False,"Dancer","Dancer","Dancer"
1243,"競争",False,True,False,False,"Farceuse","Farceuse","Farceuse"
1244,"その他",False,True,False,False,"Point","Point","Point"
1245,"形容詞1",False,False,True,False,"Vorace","Vorace","Vorace"
1246,"エオルゼア",False,True,True,True,"","",""
1247,"その他",True,False,False,False,"Darkman's","",""
1248,"気象",False,False,False,True,"Clever","",""
1249,"その他",False,True,False,False,"Sacrilicious","Sacrilicious","Sacrilicious"
1250,"性質",False,True,False,False,"Hydrargyrum","Hydrargyrum","Hydrargyrum"
1251,"その他",False,True,False,True,"Fail","Fail","Fail"
1252,"その他",False,False,False,True,"Oyster","Oyster","Oyster"
1253,"競争",False,False,False,True,"Beast","",""
1254,"エオルゼア",False,True,False,False,"Steel","Steel","Steel"
1255,"形容詞1",False,False,False,True,"Puddings","",""
1256,"その他",False,True,False,False,"Epona","",""
1257,"その他",False,True,False,False,"Caprice","Caprice","Caprice"
1258,"その他",False,True,False,False,"Arabesque","Arabesque","Arabesque"
1259,"その他",False,True,True,True,"Witty","Witty","Witty"
1260,"天文地理",False,True,False,False,"Immortal","Immortal","Immortal"
1261,"天文地理",False,True,False,False,"","",""
1262,"天文地理",False,True,False,False,"Too","Too","Too"
1263,"性質",False,True,False,False,"Goldener","Goldener","Goldener"
1264,"性質",False,True,False,False,"Verve","Verve","Verve"
1265,"色",False,True,False,False,"Bride d'","Bride d'","Bride d'"
1266,"その他",False,True,False,False,"Bard","Bard","Bard"
1267,"固有名詞",False,False,False,True,"Fulgurant","",""
1268,"固有名詞",False,False,False,True,"Wandering","",""
1269,"",False,False,False,False,"","",""
1270,"",False,False,False,False,"","",""
1271,"",False,False,False,False,"","",""
1272,"",False,False,False,False,"","",""
1273,"",False,False,False,False,"","",""
1274,"",False,False,False,False,"","",""
1275,"",False,False,False,False,"","",""
1276,"",False,False,False,False,"","",""
1277,"",False,False,False,False,"","",""
1278,"",False,False,False,False,"","",""
1279,"",False,False,False,False,"","",""
1280,"",False,False,False,False,"","",""
1281,"",False,False,False,False,"","",""
1282,"",False,False,False,False,"","",""
1283,"",False,False,False,False,"","",""
1284,"",False,False,False,False,"","",""
1285,"",False,False,False,False,"","",""
1286,"",False,False,False,False,"","",""
1287,"",False,False,False,False,"","",""
1288,"",False,False,False,False,"","",""
1289,"",False,False,False,False,"","",""
1290,"",False,False,False,False,"","",""
1291,"",False,False,False,False,"","",""
1292,"",False,False,False,False,"","",""
1293,"",False,False,False,False,"","",""
1294,"",False,False,False,False,"","",""
1295,"",False,False,False,False,"","",""
1296,"",False,False,False,False,"","",""
1297,"",False,False,False,False,"","",""
1298,"",False,False,False,False,"","",""
1299,"",False,False,False,False,"","",""
1300,"",False,False,False,False,"","",""
1301,"",False,False,False,False,"","",""
1302,"",False,False,False,False,"","",""
1303,"",False,False,False,False,"","",""
1304,"",False,False,False,False,"","",""
1305,"",False,False,False,False,"","",""
1306,"",False,False,False,False,"","",""
1307,"",False,False,False,False,"","",""
1308,"",False,False,False,False,"","",""
1309,"",False,False,False,False,"","",""
1310,"",False,False,False,False,"","",""
1311,"",False,False,False,False,"","",""
1312,"",False,False,False,False,"","",""
1313,"",False,False,False,False,"","",""
1314,"",False,False,False,False,"","",""
1315,"",False,False,False,False,"","",""
1316,"",False,False,False,False,"","",""
1317,"",False,False,False,False,"","",""
1318,"",False,False,False,False,"","",""
1319,"",False,False,False,False,"","",""
1320,"",False,False,False,False,"","",""
1321,"",False,False,False,False,"","",""
1322,"",False,False,False,False,"","",""
1323,"",False,False,False,False,"","",""
1324,"",False,False,False,False,"","",""
1325,"",False,False,False,False,"","",""
1326,"",False,False,False,False,"","",""
1327,"",False,False,False,False,"","",""
1328,"",False,False,False,False,"","",""
1329,"",False,False,False,False,"","",""
1330,"",False,False,False,False,"","",""
1331,"",False,False,False,False,"","",""
1332,"",False,False,False,False,"","",""
1333,"",False,False,False,False,"","",""
1334,"",False,False,False,False,"","",""
1335,"",False,False,False,False,"","",""
1336,"",False,False,False,False,"","",""
1337,"",False,False,False,False,"","",""
1338,"",False,False,False,False,"","",""
1339,"",False,False,False,False,"","",""
1340,"",False,False,False,False,"","",""
1341,"",False,False,False,False,"","",""
1342,"",False,False,False,False,"","",""
1343,"",False,False,False,False,"","",""
1344,"",False,False,False,False,"","",""
1345,"",False,False,False,False,"","",""
1346,"",False,False,False,False,"","",""
1347,"",False,False,False,False,"","",""
1348,"",False,False,False,False,"","",""
1349,"",False,False,False,False,"","",""
1350,"",False,False,False,False,"","",""
1351,"",False,False,False,False,"","",""
1352,"",False,False,False,False,"","",""
1353,"",False,False,False,False,"","",""
1354,"",False,False,False,False,"","",""
1355,"",False,False,False,False,"","",""
1356,"",False,False,False,False,"","",""
1357,"",False,False,False,False,"","",""
1358,"",False,False,False,False,"","",""
1359,"",False,False,False,False,"","",""
1360,"",False,False,False,False,"","",""
1361,"",False,False,False,False,"","",""
1362,"",False,False,False,False,"","",""
1363,"",False,False,False,False,"","",""
1364,"",False,False,False,False,"","",""
1365,"",False,False,False,False,"","",""
1366,"",False,False,False,False,"","",""
1367,"",False,False,False,False,"","",""
1368,"",False,False,False,False,"","",""
1369,"",False,False,False,False,"","",""
1370,"",False,False,False,False,"","",""
1371,"",False,False,False,False,"","",""
1372,"",False,False,False,False,"","",""
1373,"",False,False,False,False,"","",""
1374,"",False,False,False,False,"","",""
1375,"",False,False,False,False,"","",""
1376,"",False,False,False,False,"","",""
1377,"",False,False,False,False,"","",""
1378,"",False,False,False,False,"","",""
1379,"",False,False,False,False,"","",""
1380,"",False,False,False,False,"","",""
1381,"",False,False,False,False,"","",""
1382,"",False,False,False,False,"","",""
1383,"",False,False,False,False,"","",""
1384,"",False,False,False,False,"","",""
1385,"",False,False,False,False,"","",""
1386,"",False,False,False,False,"","",""
1387,"",False,False,False,False,"","",""
1388,"",False,False,False,False,"","",""
1389,"",False,False,False,False,"","",""
1390,"",False,False,False,False,"","",""
1391,"",False,False,False,False,"","",""
1392,"",False,False,False,False,"","",""
1393,"",False,False,False,False,"","",""
1394,"",False,False,False,False,"","",""
1395,"",False,False,False,False,"","",""
1396,"",False,False,False,False,"","",""
1397,"",False,False,False,False,"","",""
1398,"",False,False,False,False,"","",""
1399,"",False,False,False,False,"","",""
1400,"",False,False,False,False,"","",""
1401,"",False,False,False,False,"","",""
1402,"",False,False,False,False,"","",""
1403,"",False,False,False,False,"","",""
1404,"",False,False,False,False,"","",""
1405,"",False,False,False,False,"","",""
1406,"",False,False,False,False,"","",""
1407,"",False,False,False,False,"","",""
1408,"",False,False,False,False,"","",""
1409,"",False,False,False,False,"","",""
1410,"",False,False,False,False,"","",""
1411,"",False,False,False,False,"","",""
1412,"",False,False,False,False,"","",""
1413,"",False,False,False,False,"","",""
1414,"",False,False,False,False,"","",""
1415,"",False,False,False,False,"","",""
1416,"",False,False,False,False,"","",""
1417,"",False,False,False,False,"","",""
1418,"",False,False,False,False,"","",""
1419,"",False,False,False,False,"","",""
1420,"",False,False,False,False,"","",""
1421,"",False,False,False,False,"","",""
1422,"",False,False,False,False,"","",""
1423,"",False,False,False,False,"","",""
1424,"",False,False,False,False,"","",""
1425,"",False,False,False,False,"","",""
1426,"",False,False,False,False,"","",""
1427,"",False,False,False,False,"","",""
1428,"",False,False,False,False,"","",""
1429,"",False,False,False,False,"","",""
1430,"",False,False,False,False,"","",""
1431,"",False,False,False,False,"","",""
1432,"",False,False,False,False,"","",""
1433,"",False,False,False,False,"","",""
1434,"",False,False,False,False,"","",""
1435,"",False,False,False,False,"","",""
1436,"",False,False,False,False,"","",""
1437,"",False,False,False,False,"","",""
1438,"",False,False,False,False,"","",""
1439,"",False,False,False,False,"","",""
1440,"",False,False,False,False,"","",""
1441,"",False,False,False,False,"","",""
1442,"",False,False,False,False,"","",""
1443,"",False,False,False,False,"","",""
1444,"",False,False,False,False,"","",""
1445,"",False,False,False,False,"","",""
1446,"",False,False,False,False,"","",""
1447,"",False,False,False,False,"","",""
1448,"",False,False,False,False,"","",""
1449,"",False,False,False,False,"","",""
1450,"",False,False,False,False,"","",""
1451,"",False,False,False,False,"","",""
1452,"",False,False,False,False,"","",""
1453,"",False,False,False,False,"","",""
1454,"",False,False,False,False,"","",""
1455,"",False,False,False,False,"","",""
1456,"",False,False,False,False,"","",""
1457,"",False,False,False,False,"","",""
1458,"",False,False,False,False,"","",""
1459,"",False,False,False,False,"","",""
1460,"",False,False,False,False,"","",""
1461,"",False,False,False,False,"","",""
1462,"",False,False,False,False,"","",""
1463,"",False,False,False,False,"","",""
1464,"",False,False,False,False,"","",""
1465,"",False,False,False,False,"","",""
1466,"",False,False,False,False,"","",""
1467,"",False,False,False,False,"","",""
1468,"",False,False,False,False,"","",""
1469,"",False,False,False,False,"","",""
1470,"",False,False,False,False,"","",""
1471,"",False,False,False,False,"","",""
1472,"",False,False,False,False,"","",""
1473,"",False,False,False,False,"","",""
1474,"",False,False,False,False,"","",""
1475,"",False,False,False,False,"","",""
1476,"",False,False,False,False,"","",""
1477,"",False,False,False,False,"","",""
1478,"",False,False,False,False,"","",""
1479,"",False,False,False,False,"","",""
1480,"",False,False,False,False,"","",""
1481,"",False,False,False,False,"","",""
1482,"",False,False,False,False,"","",""
1483,"",False,False,False,False,"","",""
1484,"",False,False,False,False,"","",""
1485,"",False,False,False,False,"","",""
1486,"",False,False,False,False,"","",""
1487,"",False,False,False,False,"","",""
1488,"",False,False,False,False,"","",""
1489,"",False,False,False,False,"","",""
1490,"",False,False,False,False,"","",""
1491,"",False,False,False,False,"","",""
1492,"",False,False,False,False,"","",""
1493,"",False,False,False,False,"","",""
1494,"",False,False,False,False,"","",""
1495,"",False,False,False,False,"","",""
1496,"",False,False,False,False,"","",""
1497,"",False,False,False,False,"","",""
1498,"",False,False,False,False,"","",""
1499,"",False,False,False,False,"","",""
1500,"",False,False,False,False,"","",""
1501,"",False,False,False,False,"","",""
1502,"",False,False,False,False,"","",""
1503,"",False,False,False,False,"","",""
1504,"",False,False,False,False,"","",""
1505,"",False,False,False,False,"","",""
1506,"",False,False,False,False,"","",""
1507,"",False,False,False,False,"","",""
1508,"",False,False,False,False,"","",""
1509,"",False,False,False,False,"","",""
1510,"",False,False,False,False,"","",""
1511,"",False,False,False,False,"","",""
1512,"",False,False,False,False,"","",""
1513,"",False,False,False,False,"","",""
1514,"",False,False,False,False,"","",""
1515,"",False,False,False,False,"","",""
1516,"",False,False,False,False,"","",""
1517,"",False,False,False,False,"","",""
1518,"",False,False,False,False,"","",""
1519,"",False,False,False,False,"","",""
1520,"",False,False,False,False,"","",""
1521,"",False,False,False,False,"","",""
1522,"",False,False,False,False,"","",""
1523,"",False,False,False,False,"","",""
1524,"",False,False,False,False,"","",""
1525,"",False,False,False,False,"","",""
1526,"",False,False,False,False,"","",""
1527,"",False,False,False,False,"","",""
1528,"",False,False,False,False,"","",""
1529,"",False,False,False,False,"","",""
1530,"",False,False,False,False,"","",""
1531,"",False,False,False,False,"","",""
1532,"",False,False,False,False,"","",""
1533,"",False,False,False,False,"","",""
1534,"",False,False,False,False,"","",""
1535,"",False,False,False,False,"","",""
1536,"",False,False,False,False,"","",""
1537,"",False,False,False,False,"","",""
1538,"",False,False,False,False,"","",""
1539,"",False,False,False,False,"","",""
1540,"",False,False,False,False,"","",""
1541,"",False,False,False,False,"","",""
1542,"",False,False,False,False,"","",""
1543,"",False,False,False,False,"","",""
1544,"",False,False,False,False,"","",""
1545,"",False,False,False,False,"","",""
1546,"",False,False,False,False,"","",""
1547,"",False,False,False,False,"","",""
1548,"",False,False,False,False,"","",""
1549,"",False,False,False,False,"","",""
1550,"",False,False,False,False,"","",""
1551,"",False,False,False,False,"","",""
1552,"",False,False,False,False,"","",""
1553,"",False,False,False,False,"","",""
1554,"",False,False,False,False,"","",""
1555,"",False,False,False,False,"","",""
1556,"",False,False,False,False,"","",""
1557,"",False,False,False,False,"","",""
1558,"",False,False,False,False,"","",""
1559,"",False,False,False,False,"","",""
1560,"",False,False,False,False,"","",""
1561,"",False,False,False,False,"","",""
1562,"",False,False,False,False,"","",""
1563,"",False,False,False,False,"","",""
1564,"",False,False,False,False,"","",""
1565,"",False,False,False,False,"","",""
1566,"",False,False,False,False,"","",""
1567,"",False,False,False,False,"","",""
1568,"",False,False,False,False,"","",""
1569,"",False,False,False,False,"","",""
1570,"",False,False,False,False,"","",""
1571,"",False,False,False,False,"","",""
1572,"",False,False,False,False,"","",""
1573,"",False,False,False,False,"","",""
1574,"",False,False,False,False,"","",""
1575,"",False,False,False,False,"","",""
1576,"",False,False,False,False,"","",""
1577,"",False,False,False,False,"","",""
1578,"",False,False,False,False,"","",""
1579,"",False,False,False,False,"","",""
1580,"",False,False,False,False,"","",""
1581,"",False,False,False,False,"","",""
1582,"",False,False,False,False,"","",""
1583,"",False,False,False,False,"","",""
1584,"",False,False,False,False,"","",""
1585,"",False,False,False,False,"","",""
1586,"",False,False,False,False,"","",""
1587,"",False,False,False,False,"","",""
1588,"",False,False,False,False,"","",""
1589,"",False,False,False,False,"","",""
1590,"",False,False,False,False,"","",""
1591,"",False,False,False,False,"","",""
1592,"",False,False,False,False,"","",""
1593,"",False,False,False,False,"","",""
1594,"",False,False,False,False,"","",""
1595,"",False,False,False,False,"","",""
1596,"",False,False,False,False,"","",""
1597,"",False,False,False,False,"","",""
1598,"",False,False,False,False,"","",""
1599,"",False,False,False,False,"","",""
1600,"",False,False,False,False,"","",""
1601,"",False,False,False,False,"","",""
1602,"",False,False,False,False,"","",""
1603,"",False,False,False,False,"","",""
1604,"",False,False,False,False,"","",""
1605,"",False,False,False,False,"","",""
1606,"",False,False,False,False,"","",""
1607,"",False,False,False,False,"","",""
1608,"",False,False,False,False,"","",""
1609,"",False,False,False,False,"","",""
1610,"",False,False,False,False,"","",""
1611,"",False,False,False,False,"","",""
1612,"",False,False,False,False,"","",""
1613,"",False,False,False,False,"","",""
1614,"",False,False,False,False,"","",""
1615,"",False,False,False,False,"","",""
1616,"",False,False,False,False,"","",""
1617,"",False,False,False,False,"","",""
1618,"",False,False,False,False,"","",""
1619,"",False,False,False,False,"","",""
1620,"",False,False,False,False,"","",""
1621,"",False,False,False,False,"","",""
1622,"",False,False,False,False,"","",""
1623,"",False,False,False,False,"","",""
1624,"",False,False,False,False,"","",""
1625,"",False,False,False,False,"","",""
1626,"",False,False,False,False,"","",""
1627,"固有名詞",False,False,True,False,"Dark","",""
1628,"色",False,True,False,False,"Wonderful","Wonderful","Wonderful"
1629,"性質",False,True,False,False,"Unicorn","Unicorn","Unicorn"
1630,"植物",False,True,False,False,"","",""
1631,"性質",False,True,False,False,"Sea","Sea","Sea"
1632,"",False,False,False,False,"Ménestrel","Ménestrel","Ménestrel"
1633,"",False,False,False,False,"","",""
1634,"",False,False,False,False,"","",""
1635,"",False,False,False,False,"","",""
1636,"",False,False,False,False,"","",""
1637,"",False,False,False,False,"","",""
1638,"",False,False,False,False,"","",""
1639,"",False,False,False,False,"","",""
1640,"",False,False,False,False,"","",""
1641,"",False,False,False,False,"","",""
1642,"",False,False,False,False,"","",""
1643,"",False,False,False,False,"","",""
1644,"",False,False,False,False,"","",""
1645,"",False,False,False,False,"","",""
1646,"",False,False,False,False,"","",""
1647,"",False,False,False,False,"","",""
1648,"",False,False,False,False,"","",""
1649,"",False,False,False,False,"","",""
1650,"",False,False,False,False,"","",""
1651,"",False,False,False,False,"","",""
1652,"",False,False,False,False,"","",""
1653,"",False,False,False,False,"","",""
1654,"",False,False,False,False,"","",""
1655,"",False,False,False,False,"","",""
1656,"",False,False,False,False,"","",""
1657,"",False,False,False,False,"","",""
1658,"",False,False,False,False,"","",""
1659,"",False,False,False,False,"","",""
1660,"",False,False,False,False,"","",""
1661,"",False,False,False,False,"","",""
1662,"",False,False,False,False,"","",""
1663,"",False,False,False,False,"","",""
1664,"",False,False,False,False,"","",""
1665,"",False,False,False,False,"","",""
1666,"",False,False,False,False,"","",""
1667,"",False,False,False,False,"","",""
1668,"",False,False,False,False,"","",""
1669,"",False,False,False,False,"","",""
1670,"",False,False,False,False,"","",""
1671,"",False,False,False,False,"","",""
1672,"",False,False,False,False,"","",""
1673,"",False,False,False,False,"","",""
1674,"",False,False,False,False,"","",""
1675,"",False,False,False,False,"","",""
1676,"",False,False,False,False,"","",""
1677,"",False,False,False,False,"","",""
1678,"",False,False,False,False,"","",""
1679,"",False,False,False,False,"","",""
1680,"",False,False,False,False,"","",""
1681,"",False,False,False,False,"","",""
1682,"",False,False,False,False,"","",""
1683,"",False,False,False,False,"","",""
1684,"",False,False,False,False,"","",""
1685,"",False,False,False,False,"","",""
1686,"",False,False,False,False,"","",""
1687,"",False,False,False,False,"","",""
1688,"",False,False,False,False,"","",""
1689,"",False,False,False,False,"","",""
1690,"",False,False,False,False,"","",""
1691,"",False,False,False,False,"","",""
1692,"",False,False,False,False,"","",""
1693,"",False,False,False,False,"","",""
1694,"",False,False,False,False,"","",""
1695,"",False,False,False,False,"","",""
1696,"",False,False,False,False,"","",""
1697,"",False,False,False,False,"","",""
1698,"",False,False,False,False,"","",""
1699,"",False,False,False,False,"","",""
1700,"",False,False,False,False,"","",""
